COD_AGENCIA;BANCA;ZONA;AGENCIA
4;ADMINISTRATIVA;ADMINISTRATIVA;ADMINISTRATIVA
9;ADMINISTRATIVA;ADMINISTRATIVA;ADMINISTRATIVA
17;ADMINISTRATIVA;ADMINISTRATIVA;ADMINISTRATIVA
21;ADMINISTRATIVA;ADMINISTRATIVA;ADMINISTRATIVA
27;ADMINISTRATIVA;ADMINISTRATIVA;ADMINISTRATIVA
28;ADMINISTRATIVA;ADMINISTRATIVA;ADMINISTRATIVA
34;ADMINISTRATIVA;ADMINISTRATIVA;ADMINISTRATIVA
35;ADMINISTRATIVA;ADMINISTRATIVA;ADMINISTRATIVA
36;ADMINISTRATIVA;ADMINISTRATIVA;ADMINISTRATIVA
39;ADMINISTRATIVA;ADMINISTRATIVA;ADMINISTRATIVA
57;ADMINISTRATIVA;ADMINISTRATIVA;ADMINISTRATIVA
65;SIN ESPECIFICAR;SIN ESPECIFICAR;SIN ESPECIFICAR
74;ADMINISTRATIVA;ADMINISTRATIVA;ADMINISTRATIVA
75;ADMINISTRATIVA;ADMINISTRATIVA;ADMINISTRATIVA
77;ADMINISTRATIVA;ADMINISTRATIVA;ADMINISTRATIVA
80;ADMINISTRATIVA;ADMINISTRATIVA;ADMINISTRATIVA
340;RED AGENCIAS;LIMA CENTRO;28 DE JULIO         
233;RED AGENCIAS;PROVINCIA CENTRO ORIENTE;7 DE JUNIO          
361;RED AGENCIAS;LIMA CENTRO; CONGRESO    
735;RED AGENCIAS;LIMA MODERNA;ADMINISTRATIVA
5103;RED AGENCIAS;LIMA CENTRO;ADMINISTRATIVA
5627;RED AGENCIAS;LIMA OESTE;ADMINISTRATIVA
5626;RED AGENCIAS;LIMA CENTRO;ADMINISTRATIVA
5277;RED AGENCIAS;PROVINCIA NORTE;ADMINISTRATIVA
5631;RED AGENCIAS;LIMA ESTE;ADMINISTRATIVA
5144;RED AGENCIAS;LIMA CENTRO;ADMINISTRATIVA
5273;RED AGENCIAS;PROVINCIA CENTRO ORIENTE;ADMINISTRATIVA
5327;RED AGENCIAS;PROVINCIA CENTRO ORIENTE;ADMINISTRATIVA
5747;RED AGENCIAS;LIMA CENTRO;ADMINISTRATIVA
5670;RED AGENCIAS;PROVINCIA NORTE;ADMINISTRATIVA
5164;RED AGENCIAS;LIMA CENTRO;ADMINISTRATIVA
5632;RED AGENCIAS;LIMA ESTE;ADMINISTRATIVA
5220;RED AGENCIAS;PROVINCIA SUR;ADMINISTRATIVA
5225;RED AGENCIAS;PROVINCIA SUR;ADMINISTRATIVA
5172;RED AGENCIAS;LIMA NORTE;ADMINISTRATIVA
5625;RED AGENCIAS;LIMA NORTE;ADMINISTRATIVA
5127;RED AGENCIAS;LIMA OESTE;ADMINISTRATIVA
5333;RED AGENCIAS;LIMA MODERNA;ADMINISTRATIVA
5970;RED AGENCIAS;LIMA NORTE;ADMINISTRATIVA
5282;RED AGENCIAS;LIMA OESTE;ADMINISTRATIVA
5175;RED AGENCIAS;LIMA CENTRO;ADMINISTRATIVA
5183;RED AGENCIAS;LIMA ESTE;ADMINISTRATIVA
664;RED AGENCIAS;CENTRO NEGOCIOS;ADMINISTRATIVA
162;RED AGENCIAS;LIMA OESTE;AEROPUERTO          
379;RED AGENCIAS;LIMA ESTE;AMBEV               
616;RED AGENCIAS;LIMA MODERNA;ANGAMOS ESTE        
508;RED AGENCIAS;LIMA MODERNA;ANGAMOS OPEN PLAZA  
224;RED AGENCIAS;PROVINCIA SUR;APIMA               
163;RED AGENCIAS;LIMA CENTRO;APOLO               
187;RED AGENCIAS;LIMA MODERNA;ARAMBURU            
147;RED AGENCIAS;LIMA CENTRO;ARENALES            
220;RED AGENCIAS;PROVINCIA SUR;AREQUIPA            
932;RED AGENCIAS;LIMA OESTE;ARGENTINA           
426;RED AGENCIAS;LIMA MODERNA;AV DEL EJERCITO     
359;RED AGENCIAS;LIMA CENTRO;AV. CENTRAL         
170;RED AGENCIAS;LIMA CENTRO;AV. SUCRE           
334;RED AGENCIAS;LIMA CENTRO;AV.TACNA-LIMA CERC. 
431;RED AGENCIAS;LIMA CENTRO;AVENIDA AREQUIPA    
355;RED AGENCIAS;LIMA MODERNA;AVIACION            
202;RED AGENCIAS;PROVINCIA SUR;AYACUCHO            
315;RED AGENCIAS;LIMA ESTE;BACKUS              
660;RED AGENCIAS;CENTRO NEGOCIOS;BANCA PATRIMONIAL   
363;RED AGENCIAS;LIMA MODERNA;BANCA VIP CAMACHO   
230;RED AGENCIAS;PROVINCIA SUR;BANCA VIP CAYMA     
375;RED AGENCIAS;LIMA MODERNA;BANCA VIP CHACARILLA
376;RED AGENCIAS;LIMA MODERNA;BANCA VIP MIRAFLORES
255;RED AGENCIAS;PROVINCIA NORTE;BANCA VIP TRUJILLO  
276;RED AGENCIAS;PROVINCIA CENTRO ORIENTE;BARRANCA            
114;RED AGENCIAS;LIMA SUR;BARRANCO            
364;RED AGENCIAS;LIMA MODERNA;BASADRE             
165;RED AGENCIAS;LIMA OESTE;BASE NAVAL          
304;RED AGENCIAS;PROVINCIA CENTRO ORIENTE;BELEN               
192;RED AGENCIAS;LIMA OESTE;BELLAVISTA          
299;RED AGENCIAS;PROVINCIA CENTRO ORIENTE;BELLAVISTA-SN MARTIN
367;RED AGENCIAS;LIMA MODERNA;BENAVIDES           
344;RED AGENCIAS;LIMA OESTE;BIENESTAR MARINA    
118;RED AGENCIAS;LIMA CENTRO;BOLIVAR             
427;RED AGENCIAS;PROVINCIA SUR;BOLOGNESI           
108;RED AGENCIAS;LIMA CENTRO;BREÑA               
261;RED AGENCIAS;LIMA SUR;C.C. ATOCONGO       
138;RED AGENCIAS;LIMA MODERNA;C.C. AURORA         
259;RED AGENCIAS;LIMA OESTE;C.C. CANTA CALLAO   
751;RED AGENCIAS;LIMA SUR;C.C. EL TRIGAL      
157;RED AGENCIAS;LIMA SUR;C.C. LAS GARDENIAS  
160;RED AGENCIAS;LIMA MODERNA;C.C. MONTERRICO     
266;RED AGENCIAS;PROVINCIA CENTRO ORIENTE;C.C. REAL PLAZA HYO 
153;RED AGENCIAS;LIMA CENTRO;C.C. RISSO          
186;RED AGENCIAS;LIMA MODERNA;C.C. SAN BORJA      
142;RED AGENCIAS;LIMA MODERNA;C.C. SAN ISIDRO     
190;RED AGENCIAS;LIMA OESTE;C.C. SAN MIGUEL     
337;RED AGENCIAS;LIMA OESTE;C.C. SAN MIGUEL 2   
148;RED AGENCIAS;LIMA CENTRO;C.C. SUCRE          
411;RED AGENCIAS;PROVINCIA NORTE;C.CONSU.E HIPO.NORTE
412;RED AGENCIAS;PROVINCIA SUR;C.CONSU.E HIPOTE.SUR
277;RED AGENCIAS;PROVINCIA NORTE;CAJAMARCA           
102;RED AGENCIAS;LIMA OESTE;CALLAO              
178;RED AGENCIAS;LIMA MODERNA;CAMACHO             
101;RED AGENCIAS;LIMA CENTRO;CAMANA              
225;RED AGENCIAS;PROVINCIA SUR;CAMANA-AREQUIPA     
123;RED AGENCIAS;LIMA MODERNA;CAMINO REAL         
713;RED AGENCIAS;LIMA MODERNA;CAMINOS DEL INCA    
341;RED AGENCIAS;LIMA ESTE;CANADA LA ROSA TORO 
387;RED AGENCIAS;LIMA MODERNA;CANAVAL MOREYRA     
322;RED AGENCIAS;LIMA ESTE;CANTO GRANDE        
211;RED AGENCIAS;PROVINCIA SUR;CAÑETE              
103;RED AGENCIAS;LIMA CENTRO;CAPON               
842;RED AGENCIAS;LIMA NORTE;CARABAYLLO          
155;RED AGENCIAS;LIMA ESTE;CARRETERA CENTRAL   
179;RED AGENCIAS;LIMA MODERNA;CAVENECIA           
223;RED AGENCIAS;PROVINCIA SUR;CAYMA               
283;RED AGENCIAS;LIMA CENTRO;CC CYBER PLAZA      
750;RED AGENCIAS;LIMA ESTE;CC REAL PLZ STACLARA
154;RED AGENCIAS;LIMA CENTRO;CENTRO CIVICO       
504;RED AGENCIAS;CENTRO NEGOCIOS;CENTRO DE CONSUMO   
199;ADMINISTRATIVA;ADMINISTRATIVA;ADMINISTRATIVA
767;RED AGENCIAS;CENTRO NEGOCIOS;CENTRO PYMES Y EMP. 
896;RED AGENCIAS;CENTRO NEGOCIOS;CENTRO VIP          
885;RED AGENCIAS;CENTRO NEGOCIOS;CENTROS DE NEGOCIO  
146;RED AGENCIAS;LIMA ESTE;CERES               
204;EMPRESA;EMPRESA;EMPRESA
321;RED AGENCIAS;PROVINCIA CENTRO ORIENTE;CERRO DE PASCO      
206;ADMINISTRATIVA;ADMINISTRATIVA;ADMINISTRATIVA
207;ADMINISTRATIVA;ADMINISTRATIVA;ADMINISTRATIVA
194;RED AGENCIAS;LIMA MODERNA;CHACARILLA          
209;ADMINISTRATIVA;ADMINISTRATIVA;ADMINISTRATIVA
247;RED AGENCIAS;PROVINCIA NORTE;CHEPEN              
285;RED AGENCIAS;PROVINCIA NORTE;CHICLAYO            
212;ADMINISTRATIVA;ADMINISTRATIVA;ADMINISTRATIVA
213;ADMINISTRATIVA;ADMINISTRATIVA;ADMINISTRATIVA
295;RED AGENCIAS;PROVINCIA NORTE;CHIMBOTE            
215;RED AGENCIAS;PROVINCIA SUR;CHINCHA             
125;RED AGENCIAS;LIMA SUR;CHORRILLOS          
345;RED AGENCIAS;LIMA ESTE;CHOSICA             
648;RED AGENCIAS;PROVINCIA NORTE;CHOTA               
121;RED AGENCIAS;LIMA SUR;CLUB REGATAS LIMA   
747;RED AGENCIAS;LIMA NORTE;COLLIQUE            
166;RED AGENCIAS;LIMA OESTE;COLONIAL            
169;RED AGENCIAS;LIMA MODERNA;COMANDANTE ESPINAR  
116;RED AGENCIAS;LIMA NORTE;COMAS               
366;RED AGENCIAS;LIMA MODERNA;CONQUISTADORES      
264;RED AGENCIAS;PROVINCIA CENTRO ORIENTE;CONTENEDOR CHANCAY  
191;RED AGENCIAS;LIMA MODERNA;CORPAC              
396;RED AGENCIAS;LIMA NORTE;COVIDA              
703;RED AGENCIAS;CENTRO NEGOCIOS;CTRO NEGOCIOS PYMES 
195;RED AGENCIAS;LIMA MODERNA;CUARTEL GENERAL     
200;RED AGENCIAS;PROVINCIA SUR;CUSCO               
242;RED AGENCIAS;LIMA CENTRO;DAMERO GAMARRA      
3664;RED AGENCIAS;CENTRO NEGOCIOS;DIREC.RED MINORISTA 
2664;RED AGENCIAS;CENTRO NEGOCIOS;DISTR.RED MINORISTA 
353;RED AGENCIAS;LIMA CENTRO;DOMINGO CUETO       
189;RED AGENCIAS;LIMA CENTRO;DOS DE MAYO         
4759;RED AGENCIAS;LIMA MODERNA;ADMINISTRATIVA
239;EMPRESA;EMPRESA;EMPRESA
4664;RED AGENCIAS;CENTRO NEGOCIOS;ADMINISTRATIVA
4665;RED AGENCIAS;PROVINCIA CENTRO ORIENTE;ADMINISTRATIVA
4736;RED AGENCIAS;LIMA CENTRO;ADMINISTRATIVA
243;EMPRESA;EMPRESA;EMPRESA
4620;RED AGENCIAS;LIMA NORTE;ADMINISTRATIVA
4734;RED AGENCIAS;LIMA MODERNA;ADMINISTRATIVA
4630;RED AGENCIAS;LIMA SUR;ADMINISTRATIVA
4674;RED AGENCIAS;LIMA CENTRO;ADMINISTRATIVA
4737;RED AGENCIAS;LIMA MODERNA;ADMINISTRATIVA
4668;RED AGENCIAS;PROVINCIA NORTE;ADMINISTRATIVA
4688;RED AGENCIAS;PROVINCIA SUR;ADMINISTRATIVA
4660;RED AGENCIAS;CENTRO NEGOCIOS;ADMINISTRATIVA
4885;RED AGENCIAS;CENTRO NEGOCIOS;ADMINISTRATIVA
4706;RED AGENCIAS;CENTRO NEGOCIOS;ADMINISTRATIVA
4645;RED AGENCIAS;LIMA OESTE;ADMINISTRATIVA
4644;RED AGENCIAS;LIMA ESTE;ADMINISTRATIVA
269;RED AGENCIAS;LIMA ESTE;EL AGUSTINO         
256;RED AGENCIAS;LIMA ESTE;EL MURO             
369;RED AGENCIAS;LIMA MODERNA;EL OLIVAR           
763;RED AGENCIAS;PROVINCIA SUR;EL PEDREGAL         
335;RED AGENCIAS;LIMA ESTE;EL PINO             
328;RED AGENCIAS;LIMA MODERNA;EL POLO             
619;RED AGENCIAS;PROVINCIA NORTE;EL PORVENIR         
248;RED AGENCIAS;PROVINCIA NORTE;EL QUINDE           
106;RED AGENCIAS;LIMA MODERNA;EL REMANSO          
832;RED AGENCIAS;LIMA ESTE;EL SOL              
237;RED AGENCIAS;PROVINCIA CENTRO ORIENTE;EL TAMBO            
176;RED AGENCIAS;LIMA NORTE;EL TREBOL           
5381;RED AGENCIAS;LIMA NORTE;ENAPU               
381;RED AGENCIAS;LIMA OESTE;ENAPU               
371;RED AGENCIAS;LIMA MODERNA;ESPEC. CLUB VILLA   
244;RED AGENCIAS;LIMA CENTRO;ESPECIAL GAMARRA    
320;RED AGENCIAS;LIMA CENTRO;ESSALUD             
107;RED AGENCIAS;LIMA OESTE;FAUCETT             
383;RED AGENCIAS;LIMA OESTE;FAUCETT 2           
172;RED AGENCIAS;LIMA NORTE;FIORI               
144;RED AGENCIAS;LIMA CENTRO;GAMARRA             
257;RED AGENCIAS;LIMA ESTE;GRAN CHIMU          
278;EMPRESA;EMPRESA;EMPRESA
279;EMPRESA;EMPRESA;EMPRESA
280;EMPRESA;EMPRESA;EMPRESA
748;RED AGENCIAS;LIMA CENTRO;GRAU                
524;RED AGENCIAS;LIMA MODERNA;GRIMALDO DEL SOLAR  
150;RED AGENCIAS;LIMA MODERNA;HIGUERETA           
331;RED AGENCIAS;LIMA CENTRO;HOSPITAL ALMENARA   
275;RED AGENCIAS;PROVINCIA CENTRO ORIENTE;HUACHO              
235;RED AGENCIAS;PROVINCIA CENTRO ORIENTE;HUANCAYO            
210;RED AGENCIAS;PROVINCIA CENTRO ORIENTE;HUANUCO             
273;RED AGENCIAS;PROVINCIA CENTRO ORIENTE;HUARAL              
289;ADMINISTRATIVA;ADMINISTRATIVA;ADMINISTRATIVA
290;ADMINISTRATIVA;ADMINISTRATIVA;ADMINISTRATIVA
260;RED AGENCIAS;PROVINCIA CENTRO ORIENTE;HUARAZ ANCASH       
292;ADMINISTRATIVA;ADMINISTRATIVA;ADMINISTRATIVA
293;ADMINISTRATIVA;ADMINISTRATIVA;ADMINISTRATIVA
294;ADMINISTRATIVA;ADMINISTRATIVA;ADMINISTRATIVA
484;RED AGENCIAS;LIMA ESTE;HUAYCAN             
296;ADMINISTRATIVA;ADMINISTRATIVA;ADMINISTRATIVA
246;RED AGENCIAS;PROVINCIA NORTE;HUSARES DE JUNIN    
298;ADMINISTRATIVA;ADMINISTRATIVA;ADMINISTRATIVA
240;RED AGENCIAS;PROVINCIA SUR;ICA                 
231;RED AGENCIAS;PROVINCIA SUR;ILO                 
302;ADMINISTRATIVA;ADMINISTRATIVA;ADMINISTRATIVA
303;ADMINISTRATIVA;ADMINISTRATIVA;ADMINISTRATIVA
336;RED AGENCIAS;LIMA OESTE;IMUPESA             
305;EMPRESA;EMPRESA;EMPRESA
113;RED AGENCIAS;LIMA NORTE;INGENIERIA          
307;EMPRESA;EMPRESA;EMPRESA
308;ADMINISTRATIVA;ADMINISTRATIVA;ADMINISTRATIVA
301;RED AGENCIAS;PROVINCIA CENTRO ORIENTE;IQUITOS             
319;RED AGENCIAS;LIMA NORTE;IZAGUIRRE           
311;EMPRESA;EMPRESA;EMPRESA
717;RED AGENCIAS;PROVINCIA SUR;J.L.BUSTAMANTE Y RIV
281;RED AGENCIAS;PROVINCIA NORTE;JAEN                
140;RED AGENCIAS;LIMA CENTRO;JESUS MARIA         
360;RED AGENCIAS;LIMA MODERNA;JOCKEY PLAZA        
729;RED AGENCIAS;LIMA SUR;JOSE GALVEZ         
327;RED AGENCIAS;PROVINCIA CENTRO ORIENTE;JUANJUI             
228;RED AGENCIAS;PROVINCIA SUR;JULIACA             
126;RED AGENCIAS;LIMA CENTRO;LA COLMENA          
188;RED AGENCIAS;LIMA MODERNA;LA ENCALADA         
760;RED AGENCIAS;LIMA MODERNA;LA FLORESTA         
480;RED AGENCIAS;LIMA OESTE;LA MARINA           
238;RED AGENCIAS;PROVINCIA CENTRO ORIENTE;LA MERCED           
109;RED AGENCIAS;LIMA MODERNA;LA MOLINA           
325;ADMINISTRATIVA;ADMINISTRATIVA;ADMINISTRATIVA
326;ADMINISTRATIVA;ADMINISTRATIVA;ADMINISTRATIVA
236;RED AGENCIAS;PROVINCIA CENTRO ORIENTE;LA OROYA            
193;RED AGENCIAS;LIMA OESTE;LA PERLA            
329;ADMINISTRATIVA;ADMINISTRATIVA;ADMINISTRATIVA
330;ADMINISTRATIVA;ADMINISTRATIVA;ADMINISTRATIVA
262;RED AGENCIAS;LIMA MODERNA;LA PLANICIE         
791;RED AGENCIAS;LIMA MODERNA;LA ROTONDA          
115;RED AGENCIAS;LIMA CENTRO;LA VICTORIA         
134;RED AGENCIAS;LIMA CENTRO;LAMPA - EN CIERRE   
258;RED AGENCIAS;PROVINCIA SUR;LARAPA              
374;RED AGENCIAS;LIMA MODERNA;LARCO-BENAVIDES     
313;RED AGENCIAS;LIMA MODERNA;LARCOMAR            
117;RED AGENCIAS;LIMA MODERNA;LARCO-TARATA        
254;RED AGENCIAS;PROVINCIA NORTE;LARCO-TRUJILLO      
354;RED AGENCIAS;LIMA MODERNA;LAS BEGONIAS        
128;RED AGENCIAS;LIMA ESTE;LAS FLORES          
352;RED AGENCIAS;LIMA MODERNA;LAS TIENDAS         
130;RED AGENCIAS;LIMA CENTRO;LIMA                
921;RED AGENCIAS;LIMA OESTE;LIMA CARGO CITY     
317;RED AGENCIAS;LIMA SUR;LIMA PLAZA SUR      
370;RED AGENCIAS;LIMA MODERNA;LIMATAMBO           
347;EMPRESA;EMPRESA;EMPRESA
161;RED AGENCIAS;LIMA CENTRO;LINCE               
349;EMPRESA;EMPRESA;EMPRESA
350;EMPRESA;EMPRESA;EMPRESA
227;RED AGENCIAS;PROVINCIA NORTE;LLACUABAMBA         
286;RED AGENCIAS;LIMA MODERNA;LOS ALAMOS          
111;RED AGENCIAS;LIMA NORTE;LOS OLIVOS          
372;RED AGENCIAS;LIMA CENTRO;LOS ROBLES          
171;RED AGENCIAS;LIMA MODERNA;LOS ROSALES         
933;RED AGENCIAS;LIMA SUR;LURIN               
122;RED AGENCIAS;LIMA OESTE;MAGDALENA           
252;RED AGENCIAS;LIMA OESTE;MALL AVEN.PLZ CALLAO
764;RED AGENCIAS;PROVINCIA SUR;MALL AVENT. PLZ AQP 
900;RED AGENCIAS;PROVINCIA NORTE;MALL PLAZA TRUJILLO 
151;RED AGENCIAS;LIMA OESTE;MARANGA             
362;EMPRESA;EMPRESA;EMPRESA
251;RED AGENCIAS;PROVINCIA NORTE;MCDO. MAYOR.TRUJILLO
287;RED AGENCIAS;PROVINCIA NORTE;MCDO.MODELO CHICLAYO
297;RED AGENCIAS;PROVINCIA NORTE;MCDO.MODELO CHIMBOTE
268;RED AGENCIAS;PROVINCIA NORTE;MCDO.MODELO DE PIURA
332;RED AGENCIAS;LIMA ESTE;MCDO.PROD. STA ANITA
174;RED AGENCIAS;LIMA NORTE;MEGA PLAZA          
343;RED AGENCIAS;LIMA NORTE;MEGA PLAZA 2        
180;RED AGENCIAS;LIMA CENTRO;MERCADO RISSO       
566;RED AGENCIAS;LIMA CENTRO;METRO PLAZA CASTILLA
796;RED AGENCIAS;PROVINCIA NORTE;METRO SANTA ELENA   
373;ADMINISTRATIVA;ADMINISTRATIVA;ADMINISTRATIVA
112;RED AGENCIAS;LIMA CENTRO;MEXICO              
753;RED AGENCIAS;PROVINCIA SUR;MINERA TITAN        
127;RED AGENCIAS;LIMA OESTE;MINKA               
377;EMPRESA;EMPRESA;EMPRESA
378;EMPRESA;EMPRESA;EMPRESA
333;RED AGENCIAS;LIMA MODERNA;MIRAFLORES          
380;EMPRESA;EMPRESA;EMPRESA
222;RED AGENCIAS;PROVINCIA SUR;MIRAFLORES - AQP    
382;EMPRESA;EMPRESA;EMPRESA
245;RED AGENCIAS;PROVINCIA NORTE;MIRAFLORES-PIURA    
384;EMPRESA;EMPRESA;EMPRESA
787;RED AGENCIAS;LIMA MODERNA;MONTEGRANDE         
288;RED AGENCIAS;PROVINCIA NORTE;MOSHOQUEQUE         
314;RED AGENCIAS;PROVINCIA CENTRO ORIENTE;MOYOBAMBA           
342;RED AGENCIAS;LIMA NORTE;MULTIPLAZA          
390;ADMINISTRATIVA;ADMINISTRATIVA;ADMINISTRATIVA
391;ADMINISTRATIVA;ADMINISTRATIVA;ADMINISTRATIVA
392;ADMINISTRATIVA;ADMINISTRATIVA;ADMINISTRATIVA
393;ADMINISTRATIVA;ADMINISTRATIVA;ADMINISTRATIVA
394;ADMINISTRATIVA;ADMINISTRATIVA;ADMINISTRATIVA
792;RED AGENCIAS;LIMA CENTRO;NACIONES UNIDAS     
398;ADMINISTRATIVA;ADMINISTRATIVA;ADMINISTRATIVA
399;ADMINISTRATIVA;ADMINISTRATIVA;ADMINISTRATIVA
401;ADMINISTRATIVA;ADMINISTRATIVA;ADMINISTRATIVA
402;ADMINISTRATIVA;ADMINISTRATIVA;ADMINISTRATIVA
403;ADMINISTRATIVA;ADMINISTRATIVA;ADMINISTRATIVA
407;ADMINISTRATIVA;ADMINISTRATIVA;ADMINISTRATIVA
408;ADMINISTRATIVA;ADMINISTRATIVA;ADMINISTRATIVA
410;SIN ESPECIFICAR;SIN ESPECIFICAR;SIN ESPECIFICAR
970;RED AGENCIAS;LIMA NORTE;NARANJAL            
388;RED AGENCIAS;LIMA OESTE;NEPTUNIA            
413;ADMINISTRATIVA;ADMINISTRATIVA;ADMINISTRATIVA
416;ADMINISTRATIVA;ADMINISTRATIVA;ADMINISTRATIVA
417;ADMINISTRATIVA;ADMINISTRATIVA;ADMINISTRATIVA
420;ADMINISTRATIVA;ADMINISTRATIVA;ADMINISTRATIVA
421;SIN ESPECIFICAR;SIN ESPECIFICAR;SIN ESPECIFICAR
425;ADMINISTRATIVA;ADMINISTRATIVA;ADMINISTRATIVA
385;RED AGENCIAS;LIMA CENTRO;NESTLÉ-D-ONOFRIO    
131;RED AGENCIAS;LIMA CENTRO;NICOLAS ARRIOLA 1   
429;ADMINISTRATIVA;ADMINISTRATIVA;ADMINISTRATIVA
197;RED AGENCIAS;LIMA CENTRO;NICOLAS ARRIOLA 2   
432;ADMINISTRATIVA;ADMINISTRATIVA;ADMINISTRATIVA
433;ADMINISTRATIVA;ADMINISTRATIVA;ADMINISTRATIVA
434;ADMINISTRATIVA;ADMINISTRATIVA;ADMINISTRATIVA
438;ADMINISTRATIVA;ADMINISTRATIVA;ADMINISTRATIVA
439;ADMINISTRATIVA;ADMINISTRATIVA;ADMINISTRATIVA
440;ADMINISTRATIVA;ADMINISTRATIVA;ADMINISTRATIVA
445;SIN ESPECIFICAR;SIN ESPECIFICAR;SIN ESPECIFICAR
446;ADMINISTRATIVA;ADMINISTRATIVA;ADMINISTRATIVA
449;ADMINISTRATIVA;ADMINISTRATIVA;ADMINISTRATIVA
452;ADMINISTRATIVA;ADMINISTRATIVA;ADMINISTRATIVA
453;ADMINISTRATIVA;ADMINISTRATIVA;ADMINISTRATIVA
460;SIN ESPECIFICAR;SIN ESPECIFICAR;SIN ESPECIFICAR
461;SIN ESPECIFICAR;SIN ESPECIFICAR;SIN ESPECIFICAR
464;ADMINISTRATIVA;ADMINISTRATIVA;ADMINISTRATIVA
469;MERCADOS;MERCADOS;MERCADOS
470;MERCADOS;MERCADOS;MERCADOS
471;ADMINISTRATIVA;ADMINISTRATIVA;ADMINISTRATIVA
472;ADMINISTRATIVA;ADMINISTRATIVA;ADMINISTRATIVA
478;ADMINISTRATIVA;ADMINISTRATIVA;ADMINISTRATIVA
4627;RED AGENCIAS;LIMA OESTE;ADMINISTRATIVA
481;SIN ESPECIFICAR;SIN ESPECIFICAR;SIN ESPECIFICAR
4693;RED AGENCIAS;PROVINCIA CENTRO ORIENTE;ADMINISTRATIVA
4747;RED AGENCIAS;LIMA CENTRO;ADMINISTRATIVA
485;ADMINISTRATIVA;ADMINISTRATIVA;ADMINISTRATIVA
4745;RED AGENCIAS;LIMA CENTRO;ADMINISTRATIVA
490;ADMINISTRATIVA;ADMINISTRATIVA;ADMINISTRATIVA
491;ADMINISTRATIVA;ADMINISTRATIVA;ADMINISTRATIVA
492;SIN ESPECIFICAR;SIN ESPECIFICAR;SIN ESPECIFICAR
497;SIN ESPECIFICAR;SIN ESPECIFICAR;SIN ESPECIFICAR
500;ADMINISTRATIVA;ADMINISTRATIVA;ADMINISTRATIVA
501;ADMINISTRATIVA;ADMINISTRATIVA;ADMINISTRATIVA
502;ADMINISTRATIVA;ADMINISTRATIVA;ADMINISTRATIVA
4632;RED AGENCIAS;LIMA ESTE;ADMINISTRATIVA
505;ADMINISTRATIVA;ADMINISTRATIVA;ADMINISTRATIVA
506;ADMINISTRATIVA;ADMINISTRATIVA;ADMINISTRATIVA
4625;RED AGENCIAS;LIMA NORTE;ADMINISTRATIVA
510;ADMINISTRATIVA;ADMINISTRATIVA;ADMINISTRATIVA
514;SIN ESPECIFICAR;SIN ESPECIFICAR;SIN ESPECIFICAR
4631;RED AGENCIAS;LIMA SUR;ADMINISTRATIVA
4626;RED AGENCIAS;LIMA CENTRO;ADMINISTRATIVA
4762;RED AGENCIAS;LIMA MODERNA;ADMINISTRATIVA
528;MERCADOS;MERCADOS;MERCADOS
532;ADMINISTRATIVA;ADMINISTRATIVA;ADMINISTRATIVA
534;SIN ESPECIFICAR;SIN ESPECIFICAR;SIN ESPECIFICAR
535;ADMINISTRATIVA;ADMINISTRATIVA;ADMINISTRATIVA
542;MERCADOS;MERCADOS;MERCADOS
543;ADMINISTRATIVA;ADMINISTRATIVA;ADMINISTRATIVA
544;ADMINISTRATIVA;ADMINISTRATIVA;ADMINISTRATIVA
548;EMPRESA;EMPRESA;EMPRESA
549;ADMINISTRATIVA;ADMINISTRATIVA;ADMINISTRATIVA
551;ADMINISTRATIVA;ADMINISTRATIVA;ADMINISTRATIVA
552;ADMINISTRATIVA;ADMINISTRATIVA;ADMINISTRATIVA
553;ADMINISTRATIVA;ADMINISTRATIVA;ADMINISTRATIVA
4669;RED AGENCIAS;PROVINCIA NORTE;ADMINISTRATIVA
556;MERCADOS;MERCADOS;MERCADOS
559;MERCADOS;MERCADOS;MERCADOS
560;MERCADOS;MERCADOS;MERCADOS
561;ADMINISTRATIVA;ADMINISTRATIVA;ADMINISTRATIVA
562;ADMINISTRATIVA;ADMINISTRATIVA;ADMINISTRATIVA
563;MERCADOS;MERCADOS;MERCADOS
4746;RED AGENCIAS;LIMA MODERNA;ADMINISTRATIVA
4633;RED AGENCIAS;LIMA MODERNA;ADMINISTRATIVA
4758;RED AGENCIAS;LIMA MODERNA;ADMINISTRATIVA
567;SIN ESPECIFICAR;SIN ESPECIFICAR;SIN ESPECIFICAR
571;MERCADOS;MERCADOS;MERCADOS
572;MERCADOS;MERCADOS;MERCADOS
573;ADMINISTRATIVA;ADMINISTRATIVA;ADMINISTRATIVA
574;SIN ESPECIFICAR;SIN ESPECIFICAR;SIN ESPECIFICAR
575;ADMINISTRATIVA;ADMINISTRATIVA;ADMINISTRATIVA
577;ADMINISTRATIVA;ADMINISTRATIVA;ADMINISTRATIVA
580;ADMINISTRATIVA;ADMINISTRATIVA;ADMINISTRATIVA
581;ADMINISTRATIVA;ADMINISTRATIVA;ADMINISTRATIVA
582;INVERSIONES;INVERSIONES;INVERSIONES
583;ADMINISTRATIVA;ADMINISTRATIVA;ADMINISTRATIVA
586;INVERSIONES;INVERSIONES;INVERSIONES
593;ADMINISTRATIVA;ADMINISTRATIVA;ADMINISTRATIVA
594;ADMINISTRATIVA;ADMINISTRATIVA;ADMINISTRATIVA
4675;RED AGENCIAS;LIMA CENTRO;ADMINISTRATIVA
598;ADMINISTRATIVA;ADMINISTRATIVA;ADMINISTRATIVA
599;ADMINISTRATIVA;ADMINISTRATIVA;ADMINISTRATIVA
601;ADMINISTRATIVA;ADMINISTRATIVA;ADMINISTRATIVA
602;INVERSIONES;INVERSIONES;INVERSIONES
603;INVERSIONES;INVERSIONES;INVERSIONES
4694;RED AGENCIAS;PROVINCIA SUR;ADMINISTRATIVA
606;ADMINISTRATIVA;ADMINISTRATIVA;ADMINISTRATIVA
607;ADMINISTRATIVA;ADMINISTRATIVA;ADMINISTRATIVA
608;SIN ESPECIFICAR;SIN ESPECIFICAR;SIN ESPECIFICAR
272;RED AGENCIAS;PROVINCIA NORTE;NUEVO CHIMBOTE      
610;SIN ESPECIFICAR;SIN ESPECIFICAR;SIN ESPECIFICAR
759;RED AGENCIAS;LIMA MODERNA;ADMINISTRATIVA
762;RED AGENCIAS;LIMA MODERNA;ADMINISTRATIVA
693;RED AGENCIAS;PROVINCIA CENTRO ORIENTE;ADMINISTRATIVA
669;RED AGENCIAS;PROVINCIA NORTE;ADMINISTRATIVA
219;RED AGENCIAS;LIMA SUR;ADMINISTRATIVA
622;MERCADOS;MERCADOS;MERCADOS
623;SIN ESPECIFICAR;SIN ESPECIFICAR;SIN ESPECIFICAR
624;INVERSIONES;INVERSIONES;INVERSIONES
675;RED AGENCIAS;LIMA OESTE;ADMINISTRATIVA
626;ADMINISTRATIVA;ADMINISTRATIVA;ADMINISTRATIVA
745;RED AGENCIAS;LIMA CENTRO;ADMINISTRATIVA
628;SIN ESPECIFICAR;SIN ESPECIFICAR;SIN ESPECIFICAR
694;RED AGENCIAS;PROVINCIA SUR;ADMINISTRATIVA
631;RED AGENCIAS;LIMA SUR;ADMINISTRATIVA
625;RED AGENCIAS;LIMA NORTE;ADMINISTRATIVA
634;EMPRESA;EMPRESA;EMPRESA
635;ADMINISTRATIVA;ADMINISTRATIVA;ADMINISTRATIVA
636;EMPRESA;EMPRESA;EMPRESA
638;ADMINISTRATIVA;ADMINISTRATIVA;ADMINISTRATIVA
640;ADMINISTRATIVA;ADMINISTRATIVA;ADMINISTRATIVA
641;ADMINISTRATIVA;ADMINISTRATIVA;ADMINISTRATIVA
758;RED AGENCIAS;LIMA MODERNA;ADMINISTRATIVA
645;RED AGENCIAS;LIMA OESTE;ADMINISTRATIVA
665;RED AGENCIAS;PROVINCIA CENTRO ORIENTE;ADMINISTRATIVA
736;RED AGENCIAS;LIMA CENTRO;ADMINISTRATIVA
647;EMPRESA;EMPRESA;EMPRESA
644;RED AGENCIAS;LIMA ESTE;ADMINISTRATIVA
620;RED AGENCIAS;LIMA NORTE;ADMINISTRATIVA
651;ADMINISTRATIVA;ADMINISTRATIVA;ADMINISTRATIVA
652;ADMINISTRATIVA;ADMINISTRATIVA;ADMINISTRATIVA
734;RED AGENCIAS;LIMA MODERNA;ADMINISTRATIVA
656;MERCADOS;MERCADOS;MERCADOS
657;ADMINISTRATIVA;ADMINISTRATIVA;ADMINISTRATIVA
630;RED AGENCIAS;LIMA SUR;ADMINISTRATIVA
674;RED AGENCIAS;LIMA CENTRO;ADMINISTRATIVA
661;EMPRESA;EMPRESA;EMPRESA
737;RED AGENCIAS;LIMA MODERNA;ADMINISTRATIVA
668;RED AGENCIAS;PROVINCIA NORTE;ADMINISTRATIVA
688;RED AGENCIAS;PROVINCIA SUR;ADMINISTRATIVA
389;RED AGENCIAS;LIMA MODERNA;ADMINISTRATIVA
706;RED AGENCIAS;CENTRO NEGOCIOS;ADMINISTRATIVA
216;RED AGENCIAS;PROVINCIA NORTE;OPEN PLAZA CHICLAYO 
554;RED AGENCIAS;PROVINCIA NORTE;OPEN PLAZA PIURA    
670;ADMINISTRATIVA;ADMINISTRATIVA;ADMINISTRATIVA
357;RED AGENCIAS;LIMA CENTRO;ORRANTIA            
282;RED AGENCIAS;LIMA OESTE;OVALO 200 MILLAS    
843;RED AGENCIAS;PROVINCIA NORTE;OVALO PAPAL         
676;INVERSIONES;INVERSIONES;INVERSIONES
677;ADMINISTRATIVA;ADMINISTRATIVA;ADMINISTRATIVA
678;EMPRESA;EMPRESA;EMPRESA
679;ADMINISTRATIVA;ADMINISTRATIVA;ADMINISTRATIVA
680;ADMINISTRATIVA;ADMINISTRATIVA;ADMINISTRATIVA
681;ADMINISTRATIVA;ADMINISTRATIVA;ADMINISTRATIVA
684;ADMINISTRATIVA;ADMINISTRATIVA;ADMINISTRATIVA
685;EMPRESA;EMPRESA;EMPRESA
686;EMPRESA;EMPRESA;EMPRESA
291;RED AGENCIAS;PROVINCIA NORTE;PACASMAYO           
690;ADMINISTRATIVA;ADMINISTRATIVA;ADMINISTRATIVA
271;RED AGENCIAS;PROVINCIA NORTE;PAITA               
733;RED AGENCIAS;LIMA NORTE;PALAO               
697;MERCADOS;MERCADOS;MERCADOS
698;MERCADOS;MERCADOS;MERCADOS
699;MERCADOS;MERCADOS;MERCADOS
701;ADMINISTRATIVA;ADMINISTRATIVA;ADMINISTRATIVA
156;RED AGENCIAS;LIMA MODERNA;PARDO               
704;ADMINISTRATIVA;ADMINISTRATIVA;ADMINISTRATIVA
705;ADMINISTRATIVA;ADMINISTRATIVA;ADMINISTRATIVA
124;RED AGENCIAS;LIMA CENTRO;PARINACOCHAS        
707;ADMINISTRATIVA;ADMINISTRATIVA;ADMINISTRATIVA
708;MERCADOS;MERCADOS;MERCADOS
710;MERCADOS;MERCADOS;MERCADOS
711;MERCADOS;MERCADOS;MERCADOS
712;ADMINISTRATIVA;ADMINISTRATIVA;ADMINISTRATIVA
872;RED AGENCIAS;LIMA SUR;PARQUE DE LA AMISTAD
632;RED AGENCIAS;LIMA NORTE;PARQUE DE LOS OLIVOS
226;RED AGENCIAS;PROVINCIA SUR;PARQUE INDUSTRIAL   
718;ADMINISTRATIVA;ADMINISTRATIVA;ADMINISTRATIVA
719;ADMINISTRATIVA;ADMINISTRATIVA;ADMINISTRATIVA
722;ADMINISTRATIVA;ADMINISTRATIVA;ADMINISTRATIVA
723;ADMINISTRATIVA;ADMINISTRATIVA;ADMINISTRATIVA
724;ADMINISTRATIVA;ADMINISTRATIVA;ADMINISTRATIVA
726;ADMINISTRATIVA;ADMINISTRATIVA;ADMINISTRATIVA
727;ADMINISTRATIVA;ADMINISTRATIVA;ADMINISTRATIVA
870;RED AGENCIAS;PROVINCIA SUR;PARQUE LAMBRAMANI   
346;RED AGENCIAS;LIMA CENTRO;PARURO              
141;RED AGENCIAS;LIMA NORTE;PERU
356;RED AGENCIAS;LIMA CENTRO;PETIT THOUARS       
597;RED AGENCIAS;PROVINCIA CENTRO ORIENTE;PICHANAQUI          
241;RED AGENCIAS;PROVINCIA SUR;PISCO               
267;RED AGENCIAS;PROVINCIA NORTE;PIURA               
738;ADMINISTRATIVA;ADMINISTRATIVA;ADMINISTRATIVA
739;ADMINISTRATIVA;ADMINISTRATIVA;ADMINISTRATIVA
741;ADMINISTRATIVA;ADMINISTRATIVA;ADMINISTRATIVA
167;RED AGENCIAS;LIMA CENTRO;PLAZA BOLOGNESI     
564;RED AGENCIAS;LIMA SUR;PLAZA BUTTERS       
667;RED AGENCIAS;PROVINCIA NORTE;PLAZA DE LA LUNA    
654;RED AGENCIAS;PROVINCIA CENTRO ORIENTE;PLAZA DEL SOL HUACHO
284;RED AGENCIAS;LIMA NORTE;PLAZA LIMA NORTE    
482;RED AGENCIAS;LIMA CENTRO;PLAZA UNION         
234;RED AGENCIAS;LIMA SUR;PQUE IND SALVADOR   
649;RED AGENCIAS;LIMA SUR;PQUE V.EL SALVADOR  
754;ADMINISTRATIVA;ADMINISTRATIVA;ADMINISTRATIVA
766;RED AGENCIAS;LIMA MODERNA;PREMIUM EL POLO     
250;RED AGENCIAS;PROVINCIA NORTE;PRIMAVERA           
312;RED AGENCIAS;LIMA NORTE;PRO                 
749;RED AGENCIAS;LIMA SUR;PROSEGUR            
306;RED AGENCIAS;PROVINCIA CENTRO ORIENTE;PUCALLPA            
316;RED AGENCIAS;LIMA NORTE;PUENTE PIEDRA       
263;RED AGENCIAS;PROVINCIA SUR;PUERTO MALDONADO    
765;ADMINISTRATIVA;ADMINISTRATIVA;ADMINISTRATIVA
229;RED AGENCIAS;PROVINCIA SUR;PUNO                
173;RED AGENCIAS;LIMA CENTRO;PZA.SAN MARTIN-LIMA 
770;ADMINISTRATIVA;ADMINISTRATIVA;ADMINISTRATIVA
771;ADMINISTRATIVA;ADMINISTRATIVA;ADMINISTRATIVA
772;ADMINISTRATIVA;ADMINISTRATIVA;ADMINISTRATIVA
773;ADMINISTRATIVA;ADMINISTRATIVA;ADMINISTRATIVA
774;ADMINISTRATIVA;ADMINISTRATIVA;ADMINISTRATIVA
775;ADMINISTRATIVA;ADMINISTRATIVA;ADMINISTRATIVA
776;ADMINISTRATIVA;ADMINISTRATIVA;ADMINISTRATIVA
777;SIN ESPECIFICAR;SIN ESPECIFICAR;SIN ESPECIFICAR
780;ADMINISTRATIVA;ADMINISTRATIVA;ADMINISTRATIVA
781;ADMINISTRATIVA;ADMINISTRATIVA;ADMINISTRATIVA
784;ADMINISTRATIVA;ADMINISTRATIVA;ADMINISTRATIVA
785;ADMINISTRATIVA;ADMINISTRATIVA;ADMINISTRATIVA
218;RED AGENCIAS;PROVINCIA SUR;QUILLABAMBA         
788;ADMINISTRATIVA;ADMINISTRATIVA;ADMINISTRATIVA
790;ADMINISTRATIVA;ADMINISTRATIVA;ADMINISTRATIVA
348;RED AGENCIAS;PROVINCIA NORTE;REAL PLAZA CHICLAYO 
253;RED AGENCIAS;LIMA NORTE;REAL PLAZA PRO      
918;RED AGENCIAS;PROVINCIA NORTE;REAL PLAZA TRUJILLO 
799;ADMINISTRATIVA;ADMINISTRATIVA;ADMINISTRATIVA
801;ADMINISTRATIVA;ADMINISTRATIVA;ADMINISTRATIVA
802;ADMINISTRATIVA;ADMINISTRATIVA;ADMINISTRATIVA
803;ADMINISTRATIVA;ADMINISTRATIVA;ADMINISTRATIVA
805;ADMINISTRATIVA;ADMINISTRATIVA;ADMINISTRATIVA
806;MERCADOS;MERCADOS;MERCADOS
807;ADMINISTRATIVA;ADMINISTRATIVA;ADMINISTRATIVA
808;ADMINISTRATIVA;ADMINISTRATIVA;ADMINISTRATIVA
809;ADMINISTRATIVA;ADMINISTRATIVA;ADMINISTRATIVA
810;ADMINISTRATIVA;ADMINISTRATIVA;ADMINISTRATIVA
813;ADMINISTRATIVA;ADMINISTRATIVA;ADMINISTRATIVA
814;ADMINISTRATIVA;ADMINISTRATIVA;ADMINISTRATIVA
815;ADMINISTRATIVA;ADMINISTRATIVA;ADMINISTRATIVA
816;ADMINISTRATIVA;ADMINISTRATIVA;ADMINISTRATIVA
817;ADMINISTRATIVA;ADMINISTRATIVA;ADMINISTRATIVA
819;ADMINISTRATIVA;ADMINISTRATIVA;ADMINISTRATIVA
820;ADMINISTRATIVA;ADMINISTRATIVA;ADMINISTRATIVA
821;ADMINISTRATIVA;ADMINISTRATIVA;ADMINISTRATIVA
822;ADMINISTRATIVA;ADMINISTRATIVA;ADMINISTRATIVA
823;ADMINISTRATIVA;ADMINISTRATIVA;ADMINISTRATIVA
824;ADMINISTRATIVA;ADMINISTRATIVA;ADMINISTRATIVA
825;ADMINISTRATIVA;ADMINISTRATIVA;ADMINISTRATIVA
826;ADMINISTRATIVA;ADMINISTRATIVA;ADMINISTRATIVA
828;ADMINISTRATIVA;ADMINISTRATIVA;ADMINISTRATIVA
831;ADMINISTRATIVA;ADMINISTRATIVA;ADMINISTRATIVA
175;RED AGENCIAS;LIMA CENTRO;REAL PZ.CTRO.CIVICO 
833;ADMINISTRATIVA;ADMINISTRATIVA;ADMINISTRATIVA
836;ADMINISTRATIVA;ADMINISTRATIVA;ADMINISTRATIVA
838;ADMINISTRATIVA;ADMINISTRATIVA;ADMINISTRATIVA
840;ADMINISTRATIVA;ADMINISTRATIVA;ADMINISTRATIVA
841;ADMINISTRATIVA;ADMINISTRATIVA;ADMINISTRATIVA
168;RED AGENCIAS;LIMA OESTE;REPSOL              
181;RED AGENCIAS;LIMA MODERNA;REPUBLICA DE PANAMA 
845;ADMINISTRATIVA;ADMINISTRATIVA;ADMINISTRATIVA
846;ADMINISTRATIVA;ADMINISTRATIVA;ADMINISTRATIVA
850;ADMINISTRATIVA;ADMINISTRATIVA;ADMINISTRATIVA
851;ADMINISTRATIVA;ADMINISTRATIVA;ADMINISTRATIVA
858;ADMINISTRATIVA;ADMINISTRATIVA;ADMINISTRATIVA
864;ADMINISTRATIVA;ADMINISTRATIVA;ADMINISTRATIVA
865;ADMINISTRATIVA;ADMINISTRATIVA;ADMINISTRATIVA
866;ADMINISTRATIVA;ADMINISTRATIVA;ADMINISTRATIVA
867;ADMINISTRATIVA;ADMINISTRATIVA;ADMINISTRATIVA
869;INVERSIONES;INVERSIONES;INVERSIONES
368;RED AGENCIAS;LIMA MODERNA;RICARDO PALMA       
871;ADMINISTRATIVA;ADMINISTRATIVA;ADMINISTRATIVA
105;RED AGENCIAS;LIMA ESTE;RIMAC               
874;ADMINISTRATIVA;ADMINISTRATIVA;ADMINISTRATIVA
145;RED AGENCIAS;LIMA MODERNA;RINCONADA           
889;ADMINISTRATIVA;ADMINISTRATIVA;ADMINISTRATIVA
351;RED AGENCIAS;LIMA CENTRO;RIVERA NAVARRETE    
897;ADMINISTRATIVA;ADMINISTRATIVA;ADMINISTRATIVA
136;RED AGENCIAS;LIMA ESTE;SALAMANCA           
901;SIN ESPECIFICAR;SIN ESPECIFICAR;SIN ESPECIFICAR
902;ADMINISTRATIVA;ADMINISTRATIVA;ADMINISTRATIVA
904;ADMINISTRATIVA;ADMINISTRATIVA;ADMINISTRATIVA
910;EMPRESA;EMPRESA;EMPRESA
913;SIN ESPECIFICAR;SIN ESPECIFICAR;SIN ESPECIFICAR
732;RED AGENCIAS;LIMA CENTRO;SALAVERRY           
920;SIN ESPECIFICAR;SIN ESPECIFICAR;SIN ESPECIFICAR
177;RED AGENCIAS;LIMA ESTE;SAMUEL DE ALCAZAR   
922;SIN ESPECIFICAR;SIN ESPECIFICAR;SIN ESPECIFICAR
923;SIN ESPECIFICAR;SIN ESPECIFICAR;SIN ESPECIFICAR
924;SIN ESPECIFICAR;SIN ESPECIFICAR;SIN ESPECIFICAR
925;SIN ESPECIFICAR;SIN ESPECIFICAR;SIN ESPECIFICAR
926;SIN ESPECIFICAR;SIN ESPECIFICAR;SIN ESPECIFICAR
119;RED AGENCIAS;LIMA MODERNA;SAN ANTONIO         
152;RED AGENCIAS;LIMA MODERNA;SAN BORJA           
937;ADMINISTRATIVA;ADMINISTRATIVA;ADMINISTRATIVA
955;MERCADOS;MERCADOS;MERCADOS
956;MERCADOS;MERCADOS;MERCADOS
965;MERCADOS;MERCADOS;MERCADOS
969;NEGOCIOS;NEGOCIOS;NEGOCIOS
158;RED AGENCIAS;LIMA MODERNA;SAN BORJA II        
978;ADMINISTRATIVA;ADMINISTRATIVA;ADMINISTRATIVA
986;SIN ESPECIFICAR;SIN ESPECIFICAR;SIN ESPECIFICAR
991;SIN ESPECIFICAR;SIN ESPECIFICAR;SIN ESPECIFICAR
992;ADMINISTRATIVA;ADMINISTRATIVA;ADMINISTRATIVA
2330;ADMINISTRATIVA;ADMINISTRATIVA;ADMINISTRATIVA
615;RED AGENCIAS;LIMA MODERNA;SAN BORJA SUR       
2676;INVERSIONES;INVERSIONES;INVERSIONES
2678;MERCADOS;MERCADOS;MERCADOS
2679;ADMINISTRATIVA;ADMINISTRATIVA;ADMINISTRATIVA
2681;ADMINISTRATIVA;ADMINISTRATIVA;ADMINISTRATIVA
2685;EMPRESA;EMPRESA;EMPRESA
2707;ADMINISTRATIVA;ADMINISTRATIVA;ADMINISTRATIVA
2816;ADMINISTRATIVA;ADMINISTRATIVA;ADMINISTRATIVA
2969;NEGOCIOS;NEGOCIOS;NEGOCIOS
3408;ADMINISTRATIVA;ADMINISTRATIVA;ADMINISTRATIVA
3478;ADMINISTRATIVA;ADMINISTRATIVA;ADMINISTRATIVA
3500;ADMINISTRATIVA;ADMINISTRATIVA;ADMINISTRATIVA
3501;ADMINISTRATIVA;ADMINISTRATIVA;ADMINISTRATIVA
3580;ADMINISTRATIVA;ADMINISTRATIVA;ADMINISTRATIVA
221;RED AGENCIAS;PROVINCIA SUR;SAN CAMILO          
184;RED AGENCIAS;LIMA CENTRO;SAN FELIPE          
3624;INVERSIONES;INVERSIONES;INVERSIONES
752;RED AGENCIAS;LIMA NORTE;SAN FELIPE COMAS    
3640;ADMINISTRATIVA;ADMINISTRATIVA;ADMINISTRATIVA
565;RED AGENCIAS;LIMA ESTE;SAN HILARION        
100;RED AGENCIAS;LIMA MODERNA;SAN ISIDRO          
159;RED AGENCIAS;LIMA MODERNA;SAN ISIDRO          
365;RED AGENCIAS;LIMA MODERNA;SAN ISIDRO          
486;RED AGENCIAS;LIMA MODERNA;SAN ISIDRO          
605;RED AGENCIAS;LIMA MODERNA;SAN ISIDRO          
642;RED AGENCIAS;LIMA MODERNA;SAN ISIDRO          
3676;INVERSIONES;INVERSIONES;INVERSIONES
3678;MERCADOS;MERCADOS;MERCADOS
3679;ADMINISTRATIVA;ADMINISTRATIVA;ADMINISTRATIVA
3681;ADMINISTRATIVA;ADMINISTRATIVA;ADMINISTRATIVA
3684;ADMINISTRATIVA;ADMINISTRATIVA;ADMINISTRATIVA
3685;EMPRESA;EMPRESA;EMPRESA
3686;INVERSIONES;INVERSIONES;INVERSIONES
662;RED AGENCIAS;LIMA MODERNA;SAN ISIDRO          
3701;ADMINISTRATIVA;ADMINISTRATIVA;ADMINISTRATIVA
666;RED AGENCIAS;LIMA MODERNA;SAN ISIDRO          
3707;ADMINISTRATIVA;ADMINISTRATIVA;ADMINISTRATIVA
673;RED AGENCIAS;LIMA MODERNA;SAN ISIDRO          
3605;RED AGENCIAS;LIMA MODERNA;SAN ISIDRO          
4602;RED AGENCIAS;LIMA MODERNA;SAN ISIDRO          
135;RED AGENCIAS;LIMA SUR;SAN JUAN MIRAFLORES 
3770;ADMINISTRATIVA;ADMINISTRATIVA;ADMINISTRATIVA
3777;ADMINISTRATIVA;ADMINISTRATIVA;ADMINISTRATIVA
3816;ADMINISTRATIVA;ADMINISTRATIVA;ADMINISTRATIVA
3902;ADMINISTRATIVA;ADMINISTRATIVA;ADMINISTRATIVA
3910;EMPRESA;EMPRESA;EMPRESA
3969;NEGOCIOS;NEGOCIOS;NEGOCIOS
3992;ADMINISTRATIVA;ADMINISTRATIVA;ADMINISTRATIVA
4399;ADMINISTRATIVA;ADMINISTRATIVA;ADMINISTRATIVA
4478;ADMINISTRATIVA;ADMINISTRATIVA;ADMINISTRATIVA
4500;ADMINISTRATIVA;ADMINISTRATIVA;ADMINISTRATIVA
4501;ADMINISTRATIVA;ADMINISTRATIVA;ADMINISTRATIVA
4532;ADMINISTRATIVA;ADMINISTRATIVA;ADMINISTRATIVA
4544;ADMINISTRATIVA;ADMINISTRATIVA;ADMINISTRATIVA
4563;MERCADOS;MERCADOS;MERCADOS
4571;MERCADOS;MERCADOS;MERCADOS
4580;ADMINISTRATIVA;ADMINISTRATIVA;ADMINISTRATIVA
4581;ADMINISTRATIVA;ADMINISTRATIVA;ADMINISTRATIVA
4586;INVERSIONES;INVERSIONES;INVERSIONES
4600;INVERSIONES;INVERSIONES;INVERSIONES
358;RED AGENCIAS;LIMA MODERNA;SAN LUIS            
4603;INVERSIONES;INVERSIONES;INVERSIONES
4606;ADMINISTRATIVA;ADMINISTRATIVA;ADMINISTRATIVA
203;RED AGENCIAS;PROVINCIA SUR;SAN MARTIN - ICA    
4624;INVERSIONES;INVERSIONES;INVERSIONES
196;RED AGENCIAS;LIMA NORTE;SAN MARTIN DE PORRES
208;RED AGENCIAS;PROVINCIA SUR;SAN PEDRO CUSCO     
609;RED AGENCIAS;LIMA CENTRO;SAN RAFAEL          
183;RED AGENCIAS;LIMA ESTE;SANTA ANITA         
716;RED AGENCIAS;LIMA MODERNA;SANTA CRUZ          
182;RED AGENCIAS;LIMA MODERNA;SANTA MONICA        
659;RED AGENCIAS;LIMA CENTRO;SEBASTIAN BARRANCA  
4634;EMPRESA;EMPRESA;EMPRESA
4640;ADMINISTRATIVA;ADMINISTRATIVA;ADMINISTRATIVA
627;RED AGENCIAS;LIMA ESTE;SEDAPAL             
614;RED AGENCIAS;LIMA ESTE;SEPARADORA INDUSTRIA
4656;MERCADOS;MERCADOS;MERCADOS
309;RED AGENCIAS;LIMA NORTE;SERPOST ADUANAS     
4662;EMPRESA;EMPRESA;EMPRESA
521;RED AGENCIAS;LIMA SUR;STRIP CENTER PROCERE
274;RED AGENCIAS;PROVINCIA NORTE;SULLANA             
149;RED AGENCIAS;LIMA MODERNA;SURQUILLO           
104;RED AGENCIAS;LIMA MODERNA;SURQUILLO I         
4670;ADMINISTRATIVA;ADMINISTRATIVA;ADMINISTRATIVA
232;RED AGENCIAS;PROVINCIA SUR;TACNA               
270;RED AGENCIAS;PROVINCIA NORTE;TALARA              
4676;INVERSIONES;INVERSIONES;INVERSIONES
4677;ADMINISTRATIVA;ADMINISTRATIVA;ADMINISTRATIVA
4678;MERCADOS;MERCADOS;MERCADOS
4679;ADMINISTRATIVA;ADMINISTRATIVA;ADMINISTRATIVA
4680;ADMINISTRATIVA;ADMINISTRATIVA;ADMINISTRATIVA
4681;ADMINISTRATIVA;ADMINISTRATIVA;ADMINISTRATIVA
4684;ADMINISTRATIVA;ADMINISTRATIVA;ADMINISTRATIVA
4685;EMPRESA;EMPRESA;EMPRESA
4686;EMPRESA;EMPRESA;EMPRESA
310;RED AGENCIAS;PROVINCIA CENTRO ORIENTE;TARAPOTO            
4689;EMPRESA;EMPRESA;EMPRESA
643;RED AGENCIAS;PROVINCIA CENTRO ORIENTE;TARMA               
3737;RED AGENCIAS;LIMA MODERNA;ADMINISTRATIVA
4701;ADMINISTRATIVA;ADMINISTRATIVA;ADMINISTRATIVA
4704;ADMINISTRATIVA;ADMINISTRATIVA;ADMINISTRATIVA
3660;RED AGENCIAS;CENTRO NEGOCIOS;ADMINISTRATIVA
4707;ADMINISTRATIVA;ADMINISTRATIVA;ADMINISTRATIVA
4708;MERCADOS;MERCADOS;MERCADOS
4722;ADMINISTRATIVA;ADMINISTRATIVA;ADMINISTRATIVA
4726;ADMINISTRATIVA;ADMINISTRATIVA;ADMINISTRATIVA
3645;RED AGENCIAS;LIMA OESTE;ADMINISTRATIVA
3665;RED AGENCIAS;PROVINCIA CENTRO ORIENTE;ADMINISTRATIVA
3735;RED AGENCIAS;LIMA MODERNA;ADMINISTRATIVA
4738;ADMINISTRATIVA;ADMINISTRATIVA;ADMINISTRATIVA
3706;RED AGENCIAS;CENTRO NEGOCIOS;ADMINISTRATIVA
3736;RED AGENCIAS;LIMA CENTRO;ADMINISTRATIVA
3644;RED AGENCIAS;LIMA ESTE;ADMINISTRATIVA
3620;RED AGENCIAS;LIMA NORTE;ADMINISTRATIVA
3734;RED AGENCIAS;LIMA MODERNA;ADMINISTRATIVA
3630;RED AGENCIAS;LIMA SUR;ADMINISTRATIVA
4770;ADMINISTRATIVA;ADMINISTRATIVA;ADMINISTRATIVA
4777;ADMINISTRATIVA;ADMINISTRATIVA;ADMINISTRATIVA
4778;ADMINISTRATIVA;ADMINISTRATIVA;ADMINISTRATIVA
4780;ADMINISTRATIVA;ADMINISTRATIVA;ADMINISTRATIVA
4781;ADMINISTRATIVA;ADMINISTRATIVA;ADMINISTRATIVA
4809;ADMINISTRATIVA;ADMINISTRATIVA;ADMINISTRATIVA
4816;ADMINISTRATIVA;ADMINISTRATIVA;ADMINISTRATIVA
4817;ADMINISTRATIVA;ADMINISTRATIVA;ADMINISTRATIVA
4831;ADMINISTRATIVA;ADMINISTRATIVA;ADMINISTRATIVA
4840;ADMINISTRATIVA;ADMINISTRATIVA;ADMINISTRATIVA
4858;ADMINISTRATIVA;ADMINISTRATIVA;ADMINISTRATIVA
3674;RED AGENCIAS;LIMA CENTRO;ADMINISTRATIVA
4902;ADMINISTRATIVA;ADMINISTRATIVA;ADMINISTRATIVA
4904;ADMINISTRATIVA;ADMINISTRATIVA;ADMINISTRATIVA
4965;MERCADOS;MERCADOS;MERCADOS
4969;NEGOCIOS;NEGOCIOS;NEGOCIOS
4992;ADMINISTRATIVA;ADMINISTRATIVA;ADMINISTRATIVA
3668;RED AGENCIAS;PROVINCIA NORTE;ADMINISTRATIVA
3688;RED AGENCIAS;PROVINCIA SUR;ADMINISTRATIVA
318;RED AGENCIAS;PROVINCIA CENTRO ORIENTE;TINGO MARIA         
205;RED AGENCIAS;PROVINCIA SUR;TINTAYA             
185;RED AGENCIAS;LIMA MODERNA;TOMAS MARSANO       
249;RED AGENCIAS;PROVINCIA NORTE;TRUJILLO            
265;RED AGENCIAS;PROVINCIA NORTE;TUMBES              
755;RED AGENCIAS;PROVINCIA SUR;U.SAN PABLO-AREQUIPA
120;RED AGENCIAS;LIMA OESTE;UNIVERSIDAD CATOLICA
143;RED AGENCIAS;LIMA NORTE;V.A.BELAUNDE        
338;RED AGENCIAS;LIMA SUR;VARGAS MACHUCA      
518;RED AGENCIAS;LIMA MODERNA;VELASCO ASTETE      
110;RED AGENCIAS;LIMA CENTRO;VENEZUELA 1         
132;RED AGENCIAS;LIMA CENTRO;VENEZUELA 2         
164;RED AGENCIAS;LIMA CENTRO;VENEZUELA 3         
339;RED AGENCIAS;LIMA OESTE;VENTANILLA          
323;RED AGENCIAS;LIMA SUR;VILLA EL SALVADOR   
133;RED AGENCIAS;LIMA SUR;VILLA MA.DEL TRIUNFO
137;RED AGENCIAS;LIMA SUR;VILLA MARINA        
129;RED AGENCIAS;LIMA ESTE;VITARTE             
201;RED AGENCIAS;PROVINCIA SUR;WANCHAQ             
5718;ADMINISTRATIVA;ADMINISTRATIVA;ADMINISTRATIVA
5719;ADMINISTRATIVA;ADMINISTRATIVA;ADMINISTRATIVA
5722;ADMINISTRATIVA;ADMINISTRATIVA;ADMINISTRATIVA
5726;ADMINISTRATIVA;ADMINISTRATIVA;ADMINISTRATIVA
324;RED AGENCIAS;PROVINCIA CENTRO ORIENTE;YURIMAGUAS          
5803;ADMINISTRATIVA;ADMINISTRATIVA;ADMINISTRATIVA
139;RED AGENCIAS;LIMA ESTE;ZARATE              
6000;ADMINISTRATIVA;ADMINISTRATIVA;ADMINISTRATIVA
6008;ADMINISTRATIVA;ADMINISTRATIVA;ADMINISTRATIVA
6023;ADMINISTRATIVA;ADMINISTRATIVA;ADMINISTRATIVA
6077;ADMINISTRATIVA;ADMINISTRATIVA;ADMINISTRATIVA
7001;ADMINISTRATIVA;ADMINISTRATIVA;ADMINISTRATIVA
7002;ADMINISTRATIVA;ADMINISTRATIVA;ADMINISTRATIVA
7003;ADMINISTRATIVA;ADMINISTRATIVA;ADMINISTRATIVA
7004;ADMINISTRATIVA;ADMINISTRATIVA;ADMINISTRATIVA
7005;ADMINISTRATIVA;ADMINISTRATIVA;ADMINISTRATIVA
7006;ADMINISTRATIVA;ADMINISTRATIVA;ADMINISTRATIVA
7007;ADMINISTRATIVA;ADMINISTRATIVA;ADMINISTRATIVA
7008;ADMINISTRATIVA;ADMINISTRATIVA;ADMINISTRATIVA
7009;ADMINISTRATIVA;ADMINISTRATIVA;ADMINISTRATIVA
7010;ADMINISTRATIVA;ADMINISTRATIVA;ADMINISTRATIVA
7011;ADMINISTRATIVA;ADMINISTRATIVA;ADMINISTRATIVA
7012;ADMINISTRATIVA;ADMINISTRATIVA;ADMINISTRATIVA
7013;ADMINISTRATIVA;ADMINISTRATIVA;ADMINISTRATIVA
7014;ADMINISTRATIVA;ADMINISTRATIVA;ADMINISTRATIVA
7015;ADMINISTRATIVA;ADMINISTRATIVA;ADMINISTRATIVA
7016;ADMINISTRATIVA;ADMINISTRATIVA;ADMINISTRATIVA
7017;ADMINISTRATIVA;ADMINISTRATIVA;ADMINISTRATIVA
7018;ADMINISTRATIVA;ADMINISTRATIVA;ADMINISTRATIVA
7019;ADMINISTRATIVA;ADMINISTRATIVA;ADMINISTRATIVA
7020;ADMINISTRATIVA;ADMINISTRATIVA;ADMINISTRATIVA
7021;ADMINISTRATIVA;ADMINISTRATIVA;ADMINISTRATIVA
7022;ADMINISTRATIVA;ADMINISTRATIVA;ADMINISTRATIVA
7023;ADMINISTRATIVA;ADMINISTRATIVA;ADMINISTRATIVA
7024;ADMINISTRATIVA;ADMINISTRATIVA;ADMINISTRATIVA
7025;ADMINISTRATIVA;ADMINISTRATIVA;ADMINISTRATIVA
7026;ADMINISTRATIVA;ADMINISTRATIVA;ADMINISTRATIVA
7027;ADMINISTRATIVA;ADMINISTRATIVA;ADMINISTRATIVA
7028;ADMINISTRATIVA;ADMINISTRATIVA;ADMINISTRATIVA
7029;ADMINISTRATIVA;ADMINISTRATIVA;ADMINISTRATIVA
7030;ADMINISTRATIVA;ADMINISTRATIVA;ADMINISTRATIVA
7031;ADMINISTRATIVA;ADMINISTRATIVA;ADMINISTRATIVA
7032;ADMINISTRATIVA;ADMINISTRATIVA;ADMINISTRATIVA
7033;ADMINISTRATIVA;ADMINISTRATIVA;ADMINISTRATIVA
7034;ADMINISTRATIVA;ADMINISTRATIVA;ADMINISTRATIVA
7035;ADMINISTRATIVA;ADMINISTRATIVA;ADMINISTRATIVA
7036;ADMINISTRATIVA;ADMINISTRATIVA;ADMINISTRATIVA
7037;ADMINISTRATIVA;ADMINISTRATIVA;ADMINISTRATIVA
7038;ADMINISTRATIVA;ADMINISTRATIVA;ADMINISTRATIVA
7039;ADMINISTRATIVA;ADMINISTRATIVA;ADMINISTRATIVA
7040;ADMINISTRATIVA;ADMINISTRATIVA;ADMINISTRATIVA
7041;ADMINISTRATIVA;ADMINISTRATIVA;ADMINISTRATIVA
7042;ADMINISTRATIVA;ADMINISTRATIVA;ADMINISTRATIVA
7043;ADMINISTRATIVA;ADMINISTRATIVA;ADMINISTRATIVA
7044;ADMINISTRATIVA;ADMINISTRATIVA;ADMINISTRATIVA
7045;ADMINISTRATIVA;ADMINISTRATIVA;ADMINISTRATIVA
7046;ADMINISTRATIVA;ADMINISTRATIVA;ADMINISTRATIVA
7047;ADMINISTRATIVA;ADMINISTRATIVA;ADMINISTRATIVA
7048;ADMINISTRATIVA;ADMINISTRATIVA;ADMINISTRATIVA
7049;ADMINISTRATIVA;ADMINISTRATIVA;ADMINISTRATIVA
7050;ADMINISTRATIVA;ADMINISTRATIVA;ADMINISTRATIVA
7051;ADMINISTRATIVA;ADMINISTRATIVA;ADMINISTRATIVA
7052;ADMINISTRATIVA;ADMINISTRATIVA;ADMINISTRATIVA
7053;ADMINISTRATIVA;ADMINISTRATIVA;ADMINISTRATIVA
7054;ADMINISTRATIVA;ADMINISTRATIVA;ADMINISTRATIVA
7055;ADMINISTRATIVA;ADMINISTRATIVA;ADMINISTRATIVA
7056;ADMINISTRATIVA;ADMINISTRATIVA;ADMINISTRATIVA
7057;ADMINISTRATIVA;ADMINISTRATIVA;ADMINISTRATIVA
7058;ADMINISTRATIVA;ADMINISTRATIVA;ADMINISTRATIVA
7059;ADMINISTRATIVA;ADMINISTRATIVA;ADMINISTRATIVA
7060;ADMINISTRATIVA;ADMINISTRATIVA;ADMINISTRATIVA
7061;ADMINISTRATIVA;ADMINISTRATIVA;ADMINISTRATIVA
7062;ADMINISTRATIVA;ADMINISTRATIVA;ADMINISTRATIVA
7063;ADMINISTRATIVA;ADMINISTRATIVA;ADMINISTRATIVA
7064;ADMINISTRATIVA;ADMINISTRATIVA;ADMINISTRATIVA
7065;ADMINISTRATIVA;ADMINISTRATIVA;ADMINISTRATIVA
7066;ADMINISTRATIVA;ADMINISTRATIVA;ADMINISTRATIVA
7067;ADMINISTRATIVA;ADMINISTRATIVA;ADMINISTRATIVA
7068;ADMINISTRATIVA;ADMINISTRATIVA;ADMINISTRATIVA
7069;ADMINISTRATIVA;ADMINISTRATIVA;ADMINISTRATIVA
7070;ADMINISTRATIVA;ADMINISTRATIVA;ADMINISTRATIVA
7071;ADMINISTRATIVA;ADMINISTRATIVA;ADMINISTRATIVA
7072;ADMINISTRATIVA;ADMINISTRATIVA;ADMINISTRATIVA
7073;ADMINISTRATIVA;ADMINISTRATIVA;ADMINISTRATIVA
7074;ADMINISTRATIVA;ADMINISTRATIVA;ADMINISTRATIVA
7075;ADMINISTRATIVA;ADMINISTRATIVA;ADMINISTRATIVA
7076;ADMINISTRATIVA;ADMINISTRATIVA;ADMINISTRATIVA
7077;ADMINISTRATIVA;ADMINISTRATIVA;ADMINISTRATIVA
7078;ADMINISTRATIVA;ADMINISTRATIVA;ADMINISTRATIVA
7079;ADMINISTRATIVA;ADMINISTRATIVA;ADMINISTRATIVA
7080;ADMINISTRATIVA;ADMINISTRATIVA;ADMINISTRATIVA
7081;ADMINISTRATIVA;ADMINISTRATIVA;ADMINISTRATIVA
7082;ADMINISTRATIVA;ADMINISTRATIVA;ADMINISTRATIVA
7083;ADMINISTRATIVA;ADMINISTRATIVA;ADMINISTRATIVA
7084;ADMINISTRATIVA;ADMINISTRATIVA;ADMINISTRATIVA
7085;ADMINISTRATIVA;ADMINISTRATIVA;ADMINISTRATIVA
7086;ADMINISTRATIVA;ADMINISTRATIVA;ADMINISTRATIVA
7087;ADMINISTRATIVA;ADMINISTRATIVA;ADMINISTRATIVA
7088;ADMINISTRATIVA;ADMINISTRATIVA;ADMINISTRATIVA
7089;ADMINISTRATIVA;ADMINISTRATIVA;ADMINISTRATIVA
7090;ADMINISTRATIVA;ADMINISTRATIVA;ADMINISTRATIVA
7091;ADMINISTRATIVA;ADMINISTRATIVA;ADMINISTRATIVA
7092;ADMINISTRATIVA;ADMINISTRATIVA;ADMINISTRATIVA
7093;ADMINISTRATIVA;ADMINISTRATIVA;ADMINISTRATIVA
7094;ADMINISTRATIVA;ADMINISTRATIVA;ADMINISTRATIVA
7095;ADMINISTRATIVA;ADMINISTRATIVA;ADMINISTRATIVA
7096;ADMINISTRATIVA;ADMINISTRATIVA;ADMINISTRATIVA
7097;ADMINISTRATIVA;ADMINISTRATIVA;ADMINISTRATIVA
7098;ADMINISTRATIVA;ADMINISTRATIVA;ADMINISTRATIVA
7099;ADMINISTRATIVA;ADMINISTRATIVA;ADMINISTRATIVA
7100;ADMINISTRATIVA;ADMINISTRATIVA;ADMINISTRATIVA
7101;ADMINISTRATIVA;ADMINISTRATIVA;ADMINISTRATIVA
7102;ADMINISTRATIVA;ADMINISTRATIVA;ADMINISTRATIVA
7103;ADMINISTRATIVA;ADMINISTRATIVA;ADMINISTRATIVA
7104;ADMINISTRATIVA;ADMINISTRATIVA;ADMINISTRATIVA
7105;ADMINISTRATIVA;ADMINISTRATIVA;ADMINISTRATIVA
7106;ADMINISTRATIVA;ADMINISTRATIVA;ADMINISTRATIVA
7107;ADMINISTRATIVA;ADMINISTRATIVA;ADMINISTRATIVA
7108;ADMINISTRATIVA;ADMINISTRATIVA;ADMINISTRATIVA
7109;ADMINISTRATIVA;ADMINISTRATIVA;ADMINISTRATIVA
7110;ADMINISTRATIVA;ADMINISTRATIVA;ADMINISTRATIVA
7111;ADMINISTRATIVA;ADMINISTRATIVA;ADMINISTRATIVA
7112;ADMINISTRATIVA;ADMINISTRATIVA;ADMINISTRATIVA
7113;ADMINISTRATIVA;ADMINISTRATIVA;ADMINISTRATIVA
7114;ADMINISTRATIVA;ADMINISTRATIVA;ADMINISTRATIVA
7115;ADMINISTRATIVA;ADMINISTRATIVA;ADMINISTRATIVA
7116;ADMINISTRATIVA;ADMINISTRATIVA;ADMINISTRATIVA
7117;ADMINISTRATIVA;ADMINISTRATIVA;ADMINISTRATIVA
7118;ADMINISTRATIVA;ADMINISTRATIVA;ADMINISTRATIVA
7119;ADMINISTRATIVA;ADMINISTRATIVA;ADMINISTRATIVA
7120;ADMINISTRATIVA;ADMINISTRATIVA;ADMINISTRATIVA
7121;ADMINISTRATIVA;ADMINISTRATIVA;ADMINISTRATIVA
7122;ADMINISTRATIVA;ADMINISTRATIVA;ADMINISTRATIVA
7123;ADMINISTRATIVA;ADMINISTRATIVA;ADMINISTRATIVA
7124;ADMINISTRATIVA;ADMINISTRATIVA;ADMINISTRATIVA
7125;ADMINISTRATIVA;ADMINISTRATIVA;ADMINISTRATIVA
7126;ADMINISTRATIVA;ADMINISTRATIVA;ADMINISTRATIVA
7127;ADMINISTRATIVA;ADMINISTRATIVA;ADMINISTRATIVA
7128;ADMINISTRATIVA;ADMINISTRATIVA;ADMINISTRATIVA
7129;ADMINISTRATIVA;ADMINISTRATIVA;ADMINISTRATIVA
7130;ADMINISTRATIVA;ADMINISTRATIVA;ADMINISTRATIVA
7131;ADMINISTRATIVA;ADMINISTRATIVA;ADMINISTRATIVA
7132;ADMINISTRATIVA;ADMINISTRATIVA;ADMINISTRATIVA
7133;ADMINISTRATIVA;ADMINISTRATIVA;ADMINISTRATIVA
7134;ADMINISTRATIVA;ADMINISTRATIVA;ADMINISTRATIVA
7135;ADMINISTRATIVA;ADMINISTRATIVA;ADMINISTRATIVA
7136;ADMINISTRATIVA;ADMINISTRATIVA;ADMINISTRATIVA
7137;ADMINISTRATIVA;ADMINISTRATIVA;ADMINISTRATIVA
7138;ADMINISTRATIVA;ADMINISTRATIVA;ADMINISTRATIVA
7139;ADMINISTRATIVA;ADMINISTRATIVA;ADMINISTRATIVA
7140;ADMINISTRATIVA;ADMINISTRATIVA;ADMINISTRATIVA
7142;ADMINISTRATIVA;ADMINISTRATIVA;ADMINISTRATIVA
7143;ADMINISTRATIVA;ADMINISTRATIVA;ADMINISTRATIVA
7144;ADMINISTRATIVA;ADMINISTRATIVA;ADMINISTRATIVA
7146;ADMINISTRATIVA;ADMINISTRATIVA;ADMINISTRATIVA
7147;ADMINISTRATIVA;ADMINISTRATIVA;ADMINISTRATIVA
7148;ADMINISTRATIVA;ADMINISTRATIVA;ADMINISTRATIVA
7149;ADMINISTRATIVA;ADMINISTRATIVA;ADMINISTRATIVA
7150;ADMINISTRATIVA;ADMINISTRATIVA;ADMINISTRATIVA
7151;ADMINISTRATIVA;ADMINISTRATIVA;ADMINISTRATIVA
7152;ADMINISTRATIVA;ADMINISTRATIVA;ADMINISTRATIVA
7153;ADMINISTRATIVA;ADMINISTRATIVA;ADMINISTRATIVA
7154;ADMINISTRATIVA;ADMINISTRATIVA;ADMINISTRATIVA
7155;ADMINISTRATIVA;ADMINISTRATIVA;ADMINISTRATIVA
7156;ADMINISTRATIVA;ADMINISTRATIVA;ADMINISTRATIVA
7157;ADMINISTRATIVA;ADMINISTRATIVA;ADMINISTRATIVA
7158;ADMINISTRATIVA;ADMINISTRATIVA;ADMINISTRATIVA
7159;ADMINISTRATIVA;ADMINISTRATIVA;ADMINISTRATIVA
7160;ADMINISTRATIVA;ADMINISTRATIVA;ADMINISTRATIVA
7161;ADMINISTRATIVA;ADMINISTRATIVA;ADMINISTRATIVA
7162;ADMINISTRATIVA;ADMINISTRATIVA;ADMINISTRATIVA
7163;ADMINISTRATIVA;ADMINISTRATIVA;ADMINISTRATIVA
7164;ADMINISTRATIVA;ADMINISTRATIVA;ADMINISTRATIVA
7165;ADMINISTRATIVA;ADMINISTRATIVA;ADMINISTRATIVA
7166;ADMINISTRATIVA;ADMINISTRATIVA;ADMINISTRATIVA
7167;ADMINISTRATIVA;ADMINISTRATIVA;ADMINISTRATIVA
7168;ADMINISTRATIVA;ADMINISTRATIVA;ADMINISTRATIVA
7169;ADMINISTRATIVA;ADMINISTRATIVA;ADMINISTRATIVA
7170;ADMINISTRATIVA;ADMINISTRATIVA;ADMINISTRATIVA
7171;ADMINISTRATIVA;ADMINISTRATIVA;ADMINISTRATIVA
7172;ADMINISTRATIVA;ADMINISTRATIVA;ADMINISTRATIVA
7173;ADMINISTRATIVA;ADMINISTRATIVA;ADMINISTRATIVA
7174;ADMINISTRATIVA;ADMINISTRATIVA;ADMINISTRATIVA
7175;ADMINISTRATIVA;ADMINISTRATIVA;ADMINISTRATIVA
7176;ADMINISTRATIVA;ADMINISTRATIVA;ADMINISTRATIVA
7177;ADMINISTRATIVA;ADMINISTRATIVA;ADMINISTRATIVA
7178;ADMINISTRATIVA;ADMINISTRATIVA;ADMINISTRATIVA
7179;ADMINISTRATIVA;ADMINISTRATIVA;ADMINISTRATIVA
7180;ADMINISTRATIVA;ADMINISTRATIVA;ADMINISTRATIVA
7181;ADMINISTRATIVA;ADMINISTRATIVA;ADMINISTRATIVA
7182;ADMINISTRATIVA;ADMINISTRATIVA;ADMINISTRATIVA
7183;ADMINISTRATIVA;ADMINISTRATIVA;ADMINISTRATIVA
7184;ADMINISTRATIVA;ADMINISTRATIVA;ADMINISTRATIVA
7185;ADMINISTRATIVA;ADMINISTRATIVA;ADMINISTRATIVA
7186;ADMINISTRATIVA;ADMINISTRATIVA;ADMINISTRATIVA
7187;ADMINISTRATIVA;ADMINISTRATIVA;ADMINISTRATIVA
7188;ADMINISTRATIVA;ADMINISTRATIVA;ADMINISTRATIVA
7189;ADMINISTRATIVA;ADMINISTRATIVA;ADMINISTRATIVA
7190;ADMINISTRATIVA;ADMINISTRATIVA;ADMINISTRATIVA
7191;ADMINISTRATIVA;ADMINISTRATIVA;ADMINISTRATIVA
7192;ADMINISTRATIVA;ADMINISTRATIVA;ADMINISTRATIVA
7193;ADMINISTRATIVA;ADMINISTRATIVA;ADMINISTRATIVA
7194;ADMINISTRATIVA;ADMINISTRATIVA;ADMINISTRATIVA
7195;ADMINISTRATIVA;ADMINISTRATIVA;ADMINISTRATIVA
7196;ADMINISTRATIVA;ADMINISTRATIVA;ADMINISTRATIVA
7197;ADMINISTRATIVA;ADMINISTRATIVA;ADMINISTRATIVA
7198;ADMINISTRATIVA;ADMINISTRATIVA;ADMINISTRATIVA
7199;ADMINISTRATIVA;ADMINISTRATIVA;ADMINISTRATIVA
7200;ADMINISTRATIVA;ADMINISTRATIVA;ADMINISTRATIVA
7201;ADMINISTRATIVA;ADMINISTRATIVA;ADMINISTRATIVA
7202;ADMINISTRATIVA;ADMINISTRATIVA;ADMINISTRATIVA
7203;ADMINISTRATIVA;ADMINISTRATIVA;ADMINISTRATIVA
7204;ADMINISTRATIVA;ADMINISTRATIVA;ADMINISTRATIVA
7205;ADMINISTRATIVA;ADMINISTRATIVA;ADMINISTRATIVA
7206;ADMINISTRATIVA;ADMINISTRATIVA;ADMINISTRATIVA
7207;ADMINISTRATIVA;ADMINISTRATIVA;ADMINISTRATIVA
7208;ADMINISTRATIVA;ADMINISTRATIVA;ADMINISTRATIVA
7209;ADMINISTRATIVA;ADMINISTRATIVA;ADMINISTRATIVA
7210;ADMINISTRATIVA;ADMINISTRATIVA;ADMINISTRATIVA
7211;ADMINISTRATIVA;ADMINISTRATIVA;ADMINISTRATIVA
7212;ADMINISTRATIVA;ADMINISTRATIVA;ADMINISTRATIVA
7213;ADMINISTRATIVA;ADMINISTRATIVA;ADMINISTRATIVA
7214;ADMINISTRATIVA;ADMINISTRATIVA;ADMINISTRATIVA
7215;ADMINISTRATIVA;ADMINISTRATIVA;ADMINISTRATIVA
7216;ADMINISTRATIVA;ADMINISTRATIVA;ADMINISTRATIVA
7217;ADMINISTRATIVA;ADMINISTRATIVA;ADMINISTRATIVA
7218;ADMINISTRATIVA;ADMINISTRATIVA;ADMINISTRATIVA
7219;ADMINISTRATIVA;ADMINISTRATIVA;ADMINISTRATIVA
7220;ADMINISTRATIVA;ADMINISTRATIVA;ADMINISTRATIVA
7221;ADMINISTRATIVA;ADMINISTRATIVA;ADMINISTRATIVA
7222;ADMINISTRATIVA;ADMINISTRATIVA;ADMINISTRATIVA
7223;ADMINISTRATIVA;ADMINISTRATIVA;ADMINISTRATIVA
7224;ADMINISTRATIVA;ADMINISTRATIVA;ADMINISTRATIVA
7225;ADMINISTRATIVA;ADMINISTRATIVA;ADMINISTRATIVA
7226;ADMINISTRATIVA;ADMINISTRATIVA;ADMINISTRATIVA
7227;ADMINISTRATIVA;ADMINISTRATIVA;ADMINISTRATIVA
7228;ADMINISTRATIVA;ADMINISTRATIVA;ADMINISTRATIVA
7229;ADMINISTRATIVA;ADMINISTRATIVA;ADMINISTRATIVA
7230;ADMINISTRATIVA;ADMINISTRATIVA;ADMINISTRATIVA
7231;ADMINISTRATIVA;ADMINISTRATIVA;ADMINISTRATIVA
7232;ADMINISTRATIVA;ADMINISTRATIVA;ADMINISTRATIVA
7233;ADMINISTRATIVA;ADMINISTRATIVA;ADMINISTRATIVA
7234;ADMINISTRATIVA;ADMINISTRATIVA;ADMINISTRATIVA
7235;ADMINISTRATIVA;ADMINISTRATIVA;ADMINISTRATIVA
7236;ADMINISTRATIVA;ADMINISTRATIVA;ADMINISTRATIVA
7237;ADMINISTRATIVA;ADMINISTRATIVA;ADMINISTRATIVA
7238;ADMINISTRATIVA;ADMINISTRATIVA;ADMINISTRATIVA
7239;ADMINISTRATIVA;ADMINISTRATIVA;ADMINISTRATIVA
7240;ADMINISTRATIVA;ADMINISTRATIVA;ADMINISTRATIVA
7241;ADMINISTRATIVA;ADMINISTRATIVA;ADMINISTRATIVA
7242;ADMINISTRATIVA;ADMINISTRATIVA;ADMINISTRATIVA
7243;ADMINISTRATIVA;ADMINISTRATIVA;ADMINISTRATIVA
7244;ADMINISTRATIVA;ADMINISTRATIVA;ADMINISTRATIVA
7245;ADMINISTRATIVA;ADMINISTRATIVA;ADMINISTRATIVA
7246;ADMINISTRATIVA;ADMINISTRATIVA;ADMINISTRATIVA
7247;ADMINISTRATIVA;ADMINISTRATIVA;ADMINISTRATIVA
7248;ADMINISTRATIVA;ADMINISTRATIVA;ADMINISTRATIVA
7249;ADMINISTRATIVA;ADMINISTRATIVA;ADMINISTRATIVA
7250;ADMINISTRATIVA;ADMINISTRATIVA;ADMINISTRATIVA
7251;ADMINISTRATIVA;ADMINISTRATIVA;ADMINISTRATIVA
7252;ADMINISTRATIVA;ADMINISTRATIVA;ADMINISTRATIVA
7253;ADMINISTRATIVA;ADMINISTRATIVA;ADMINISTRATIVA
7254;ADMINISTRATIVA;ADMINISTRATIVA;ADMINISTRATIVA
7255;ADMINISTRATIVA;ADMINISTRATIVA;ADMINISTRATIVA
7256;ADMINISTRATIVA;ADMINISTRATIVA;ADMINISTRATIVA
7257;ADMINISTRATIVA;ADMINISTRATIVA;ADMINISTRATIVA
7258;ADMINISTRATIVA;ADMINISTRATIVA;ADMINISTRATIVA
7259;ADMINISTRATIVA;ADMINISTRATIVA;ADMINISTRATIVA
7260;ADMINISTRATIVA;ADMINISTRATIVA;ADMINISTRATIVA
7261;ADMINISTRATIVA;ADMINISTRATIVA;ADMINISTRATIVA
7262;ADMINISTRATIVA;ADMINISTRATIVA;ADMINISTRATIVA
7263;ADMINISTRATIVA;ADMINISTRATIVA;ADMINISTRATIVA
7264;ADMINISTRATIVA;ADMINISTRATIVA;ADMINISTRATIVA
7265;ADMINISTRATIVA;ADMINISTRATIVA;ADMINISTRATIVA
7266;ADMINISTRATIVA;ADMINISTRATIVA;ADMINISTRATIVA
7267;ADMINISTRATIVA;ADMINISTRATIVA;ADMINISTRATIVA
7268;ADMINISTRATIVA;ADMINISTRATIVA;ADMINISTRATIVA
7269;ADMINISTRATIVA;ADMINISTRATIVA;ADMINISTRATIVA
7270;ADMINISTRATIVA;ADMINISTRATIVA;ADMINISTRATIVA
7271;ADMINISTRATIVA;ADMINISTRATIVA;ADMINISTRATIVA
7272;ADMINISTRATIVA;ADMINISTRATIVA;ADMINISTRATIVA
7273;ADMINISTRATIVA;ADMINISTRATIVA;ADMINISTRATIVA
7274;ADMINISTRATIVA;ADMINISTRATIVA;ADMINISTRATIVA
7275;ADMINISTRATIVA;ADMINISTRATIVA;ADMINISTRATIVA
7276;ADMINISTRATIVA;ADMINISTRATIVA;ADMINISTRATIVA
7277;ADMINISTRATIVA;ADMINISTRATIVA;ADMINISTRATIVA
7278;ADMINISTRATIVA;ADMINISTRATIVA;ADMINISTRATIVA
7279;ADMINISTRATIVA;ADMINISTRATIVA;ADMINISTRATIVA
7280;ADMINISTRATIVA;ADMINISTRATIVA;ADMINISTRATIVA
7281;ADMINISTRATIVA;ADMINISTRATIVA;ADMINISTRATIVA
7282;ADMINISTRATIVA;ADMINISTRATIVA;ADMINISTRATIVA
7283;ADMINISTRATIVA;ADMINISTRATIVA;ADMINISTRATIVA
7284;ADMINISTRATIVA;ADMINISTRATIVA;ADMINISTRATIVA
7285;ADMINISTRATIVA;ADMINISTRATIVA;ADMINISTRATIVA
7286;ADMINISTRATIVA;ADMINISTRATIVA;ADMINISTRATIVA
7287;ADMINISTRATIVA;ADMINISTRATIVA;ADMINISTRATIVA
7288;ADMINISTRATIVA;ADMINISTRATIVA;ADMINISTRATIVA
7289;ADMINISTRATIVA;ADMINISTRATIVA;ADMINISTRATIVA
7290;ADMINISTRATIVA;ADMINISTRATIVA;ADMINISTRATIVA
7291;ADMINISTRATIVA;ADMINISTRATIVA;ADMINISTRATIVA
7292;ADMINISTRATIVA;ADMINISTRATIVA;ADMINISTRATIVA
7293;ADMINISTRATIVA;ADMINISTRATIVA;ADMINISTRATIVA
7294;ADMINISTRATIVA;ADMINISTRATIVA;ADMINISTRATIVA
7295;ADMINISTRATIVA;ADMINISTRATIVA;ADMINISTRATIVA
7296;ADMINISTRATIVA;ADMINISTRATIVA;ADMINISTRATIVA
7297;ADMINISTRATIVA;ADMINISTRATIVA;ADMINISTRATIVA
7298;ADMINISTRATIVA;ADMINISTRATIVA;ADMINISTRATIVA
7299;ADMINISTRATIVA;ADMINISTRATIVA;ADMINISTRATIVA
7300;ADMINISTRATIVA;ADMINISTRATIVA;ADMINISTRATIVA
7301;ADMINISTRATIVA;ADMINISTRATIVA;ADMINISTRATIVA
7302;ADMINISTRATIVA;ADMINISTRATIVA;ADMINISTRATIVA
7303;ADMINISTRATIVA;ADMINISTRATIVA;ADMINISTRATIVA
7304;ADMINISTRATIVA;ADMINISTRATIVA;ADMINISTRATIVA
7306;ADMINISTRATIVA;ADMINISTRATIVA;ADMINISTRATIVA
7307;ADMINISTRATIVA;ADMINISTRATIVA;ADMINISTRATIVA
7308;ADMINISTRATIVA;ADMINISTRATIVA;ADMINISTRATIVA
7309;ADMINISTRATIVA;ADMINISTRATIVA;ADMINISTRATIVA
7310;ADMINISTRATIVA;ADMINISTRATIVA;ADMINISTRATIVA
7312;ADMINISTRATIVA;ADMINISTRATIVA;ADMINISTRATIVA
7314;ADMINISTRATIVA;ADMINISTRATIVA;ADMINISTRATIVA
7315;ADMINISTRATIVA;ADMINISTRATIVA;ADMINISTRATIVA
7316;ADMINISTRATIVA;ADMINISTRATIVA;ADMINISTRATIVA
7317;ADMINISTRATIVA;ADMINISTRATIVA;ADMINISTRATIVA
7318;ADMINISTRATIVA;ADMINISTRATIVA;ADMINISTRATIVA
7319;ADMINISTRATIVA;ADMINISTRATIVA;ADMINISTRATIVA
7320;ADMINISTRATIVA;ADMINISTRATIVA;ADMINISTRATIVA
7321;ADMINISTRATIVA;ADMINISTRATIVA;ADMINISTRATIVA
7322;ADMINISTRATIVA;ADMINISTRATIVA;ADMINISTRATIVA
7323;ADMINISTRATIVA;ADMINISTRATIVA;ADMINISTRATIVA
7324;ADMINISTRATIVA;ADMINISTRATIVA;ADMINISTRATIVA
7325;ADMINISTRATIVA;ADMINISTRATIVA;ADMINISTRATIVA
7326;ADMINISTRATIVA;ADMINISTRATIVA;ADMINISTRATIVA
7327;ADMINISTRATIVA;ADMINISTRATIVA;ADMINISTRATIVA
7328;ADMINISTRATIVA;ADMINISTRATIVA;ADMINISTRATIVA
7329;ADMINISTRATIVA;ADMINISTRATIVA;ADMINISTRATIVA
7330;ADMINISTRATIVA;ADMINISTRATIVA;ADMINISTRATIVA
7331;ADMINISTRATIVA;ADMINISTRATIVA;ADMINISTRATIVA
7332;ADMINISTRATIVA;ADMINISTRATIVA;ADMINISTRATIVA
7333;ADMINISTRATIVA;ADMINISTRATIVA;ADMINISTRATIVA
7334;ADMINISTRATIVA;ADMINISTRATIVA;ADMINISTRATIVA
7335;ADMINISTRATIVA;ADMINISTRATIVA;ADMINISTRATIVA
7336;ADMINISTRATIVA;ADMINISTRATIVA;ADMINISTRATIVA
7337;ADMINISTRATIVA;ADMINISTRATIVA;ADMINISTRATIVA
7338;ADMINISTRATIVA;ADMINISTRATIVA;ADMINISTRATIVA
7339;ADMINISTRATIVA;ADMINISTRATIVA;ADMINISTRATIVA
7340;ADMINISTRATIVA;ADMINISTRATIVA;ADMINISTRATIVA
7341;ADMINISTRATIVA;ADMINISTRATIVA;ADMINISTRATIVA
7342;ADMINISTRATIVA;ADMINISTRATIVA;ADMINISTRATIVA
7343;ADMINISTRATIVA;ADMINISTRATIVA;ADMINISTRATIVA
7344;ADMINISTRATIVA;ADMINISTRATIVA;ADMINISTRATIVA
7345;ADMINISTRATIVA;ADMINISTRATIVA;ADMINISTRATIVA
7346;ADMINISTRATIVA;ADMINISTRATIVA;ADMINISTRATIVA
7347;ADMINISTRATIVA;ADMINISTRATIVA;ADMINISTRATIVA
7348;ADMINISTRATIVA;ADMINISTRATIVA;ADMINISTRATIVA
7349;ADMINISTRATIVA;ADMINISTRATIVA;ADMINISTRATIVA
7350;ADMINISTRATIVA;ADMINISTRATIVA;ADMINISTRATIVA
7351;ADMINISTRATIVA;ADMINISTRATIVA;ADMINISTRATIVA
7352;ADMINISTRATIVA;ADMINISTRATIVA;ADMINISTRATIVA
7353;ADMINISTRATIVA;ADMINISTRATIVA;ADMINISTRATIVA
7354;ADMINISTRATIVA;ADMINISTRATIVA;ADMINISTRATIVA
7355;ADMINISTRATIVA;ADMINISTRATIVA;ADMINISTRATIVA
7356;ADMINISTRATIVA;ADMINISTRATIVA;ADMINISTRATIVA
7357;ADMINISTRATIVA;ADMINISTRATIVA;ADMINISTRATIVA
7358;ADMINISTRATIVA;ADMINISTRATIVA;ADMINISTRATIVA
7359;ADMINISTRATIVA;ADMINISTRATIVA;ADMINISTRATIVA
7360;ADMINISTRATIVA;ADMINISTRATIVA;ADMINISTRATIVA
7361;ADMINISTRATIVA;ADMINISTRATIVA;ADMINISTRATIVA
7362;ADMINISTRATIVA;ADMINISTRATIVA;ADMINISTRATIVA
7363;ADMINISTRATIVA;ADMINISTRATIVA;ADMINISTRATIVA
7364;ADMINISTRATIVA;ADMINISTRATIVA;ADMINISTRATIVA
7365;ADMINISTRATIVA;ADMINISTRATIVA;ADMINISTRATIVA
7366;ADMINISTRATIVA;ADMINISTRATIVA;ADMINISTRATIVA
7367;ADMINISTRATIVA;ADMINISTRATIVA;ADMINISTRATIVA
7368;ADMINISTRATIVA;ADMINISTRATIVA;ADMINISTRATIVA
7369;ADMINISTRATIVA;ADMINISTRATIVA;ADMINISTRATIVA
7370;ADMINISTRATIVA;ADMINISTRATIVA;ADMINISTRATIVA
7371;ADMINISTRATIVA;ADMINISTRATIVA;ADMINISTRATIVA
7372;ADMINISTRATIVA;ADMINISTRATIVA;ADMINISTRATIVA
7373;ADMINISTRATIVA;ADMINISTRATIVA;ADMINISTRATIVA
7374;ADMINISTRATIVA;ADMINISTRATIVA;ADMINISTRATIVA
7375;ADMINISTRATIVA;ADMINISTRATIVA;ADMINISTRATIVA
7376;ADMINISTRATIVA;ADMINISTRATIVA;ADMINISTRATIVA
7377;ADMINISTRATIVA;ADMINISTRATIVA;ADMINISTRATIVA
7378;ADMINISTRATIVA;ADMINISTRATIVA;ADMINISTRATIVA
7379;ADMINISTRATIVA;ADMINISTRATIVA;ADMINISTRATIVA
7380;ADMINISTRATIVA;ADMINISTRATIVA;ADMINISTRATIVA
7381;ADMINISTRATIVA;ADMINISTRATIVA;ADMINISTRATIVA
7382;ADMINISTRATIVA;ADMINISTRATIVA;ADMINISTRATIVA
7383;ADMINISTRATIVA;ADMINISTRATIVA;ADMINISTRATIVA
7384;ADMINISTRATIVA;ADMINISTRATIVA;ADMINISTRATIVA
7385;ADMINISTRATIVA;ADMINISTRATIVA;ADMINISTRATIVA
7386;ADMINISTRATIVA;ADMINISTRATIVA;ADMINISTRATIVA
7387;ADMINISTRATIVA;ADMINISTRATIVA;ADMINISTRATIVA
7388;ADMINISTRATIVA;ADMINISTRATIVA;ADMINISTRATIVA
7389;ADMINISTRATIVA;ADMINISTRATIVA;ADMINISTRATIVA
7390;ADMINISTRATIVA;ADMINISTRATIVA;ADMINISTRATIVA
7391;ADMINISTRATIVA;ADMINISTRATIVA;ADMINISTRATIVA
7392;ADMINISTRATIVA;ADMINISTRATIVA;ADMINISTRATIVA
7393;ADMINISTRATIVA;ADMINISTRATIVA;ADMINISTRATIVA
7394;ADMINISTRATIVA;ADMINISTRATIVA;ADMINISTRATIVA
7395;ADMINISTRATIVA;ADMINISTRATIVA;ADMINISTRATIVA
7396;ADMINISTRATIVA;ADMINISTRATIVA;ADMINISTRATIVA
7397;ADMINISTRATIVA;ADMINISTRATIVA;ADMINISTRATIVA
7398;ADMINISTRATIVA;ADMINISTRATIVA;ADMINISTRATIVA
7399;ADMINISTRATIVA;ADMINISTRATIVA;ADMINISTRATIVA
7400;ADMINISTRATIVA;ADMINISTRATIVA;ADMINISTRATIVA
7401;ADMINISTRATIVA;ADMINISTRATIVA;ADMINISTRATIVA
7402;ADMINISTRATIVA;ADMINISTRATIVA;ADMINISTRATIVA
7403;ADMINISTRATIVA;ADMINISTRATIVA;ADMINISTRATIVA
7404;ADMINISTRATIVA;ADMINISTRATIVA;ADMINISTRATIVA
7405;ADMINISTRATIVA;ADMINISTRATIVA;ADMINISTRATIVA
7406;ADMINISTRATIVA;ADMINISTRATIVA;ADMINISTRATIVA
7407;ADMINISTRATIVA;ADMINISTRATIVA;ADMINISTRATIVA
7408;ADMINISTRATIVA;ADMINISTRATIVA;ADMINISTRATIVA
7409;ADMINISTRATIVA;ADMINISTRATIVA;ADMINISTRATIVA
7410;ADMINISTRATIVA;ADMINISTRATIVA;ADMINISTRATIVA
7411;ADMINISTRATIVA;ADMINISTRATIVA;ADMINISTRATIVA
7412;ADMINISTRATIVA;ADMINISTRATIVA;ADMINISTRATIVA
7413;ADMINISTRATIVA;ADMINISTRATIVA;ADMINISTRATIVA
7414;ADMINISTRATIVA;ADMINISTRATIVA;ADMINISTRATIVA
7415;ADMINISTRATIVA;ADMINISTRATIVA;ADMINISTRATIVA
7416;ADMINISTRATIVA;ADMINISTRATIVA;ADMINISTRATIVA
7417;ADMINISTRATIVA;ADMINISTRATIVA;ADMINISTRATIVA
7418;ADMINISTRATIVA;ADMINISTRATIVA;ADMINISTRATIVA
7419;ADMINISTRATIVA;ADMINISTRATIVA;ADMINISTRATIVA
7420;ADMINISTRATIVA;ADMINISTRATIVA;ADMINISTRATIVA
7421;ADMINISTRATIVA;ADMINISTRATIVA;ADMINISTRATIVA
7422;ADMINISTRATIVA;ADMINISTRATIVA;ADMINISTRATIVA
7423;ADMINISTRATIVA;ADMINISTRATIVA;ADMINISTRATIVA
7424;ADMINISTRATIVA;ADMINISTRATIVA;ADMINISTRATIVA
7425;ADMINISTRATIVA;ADMINISTRATIVA;ADMINISTRATIVA
7426;ADMINISTRATIVA;ADMINISTRATIVA;ADMINISTRATIVA
7427;ADMINISTRATIVA;ADMINISTRATIVA;ADMINISTRATIVA
7429;ADMINISTRATIVA;ADMINISTRATIVA;ADMINISTRATIVA
7430;ADMINISTRATIVA;ADMINISTRATIVA;ADMINISTRATIVA
7431;ADMINISTRATIVA;ADMINISTRATIVA;ADMINISTRATIVA
7432;ADMINISTRATIVA;ADMINISTRATIVA;ADMINISTRATIVA
7433;ADMINISTRATIVA;ADMINISTRATIVA;ADMINISTRATIVA
7434;ADMINISTRATIVA;ADMINISTRATIVA;ADMINISTRATIVA
7435;ADMINISTRATIVA;ADMINISTRATIVA;ADMINISTRATIVA
7436;ADMINISTRATIVA;ADMINISTRATIVA;ADMINISTRATIVA
7437;ADMINISTRATIVA;ADMINISTRATIVA;ADMINISTRATIVA
7438;ADMINISTRATIVA;ADMINISTRATIVA;ADMINISTRATIVA
7439;ADMINISTRATIVA;ADMINISTRATIVA;ADMINISTRATIVA
7440;ADMINISTRATIVA;ADMINISTRATIVA;ADMINISTRATIVA
7441;ADMINISTRATIVA;ADMINISTRATIVA;ADMINISTRATIVA
7442;ADMINISTRATIVA;ADMINISTRATIVA;ADMINISTRATIVA
7443;ADMINISTRATIVA;ADMINISTRATIVA;ADMINISTRATIVA
7444;ADMINISTRATIVA;ADMINISTRATIVA;ADMINISTRATIVA
7445;ADMINISTRATIVA;ADMINISTRATIVA;ADMINISTRATIVA
7446;ADMINISTRATIVA;ADMINISTRATIVA;ADMINISTRATIVA
7447;ADMINISTRATIVA;ADMINISTRATIVA;ADMINISTRATIVA
7448;ADMINISTRATIVA;ADMINISTRATIVA;ADMINISTRATIVA
7449;ADMINISTRATIVA;ADMINISTRATIVA;ADMINISTRATIVA
7450;ADMINISTRATIVA;ADMINISTRATIVA;ADMINISTRATIVA
7451;ADMINISTRATIVA;ADMINISTRATIVA;ADMINISTRATIVA
7452;ADMINISTRATIVA;ADMINISTRATIVA;ADMINISTRATIVA
7453;ADMINISTRATIVA;ADMINISTRATIVA;ADMINISTRATIVA
7454;ADMINISTRATIVA;ADMINISTRATIVA;ADMINISTRATIVA
7455;ADMINISTRATIVA;ADMINISTRATIVA;ADMINISTRATIVA
7456;ADMINISTRATIVA;ADMINISTRATIVA;ADMINISTRATIVA
7457;ADMINISTRATIVA;ADMINISTRATIVA;ADMINISTRATIVA
7458;ADMINISTRATIVA;ADMINISTRATIVA;ADMINISTRATIVA
7459;ADMINISTRATIVA;ADMINISTRATIVA;ADMINISTRATIVA
7460;ADMINISTRATIVA;ADMINISTRATIVA;ADMINISTRATIVA
7461;ADMINISTRATIVA;ADMINISTRATIVA;ADMINISTRATIVA
7462;ADMINISTRATIVA;ADMINISTRATIVA;ADMINISTRATIVA
7463;ADMINISTRATIVA;ADMINISTRATIVA;ADMINISTRATIVA
7464;ADMINISTRATIVA;ADMINISTRATIVA;ADMINISTRATIVA
7465;ADMINISTRATIVA;ADMINISTRATIVA;ADMINISTRATIVA
7466;ADMINISTRATIVA;ADMINISTRATIVA;ADMINISTRATIVA
7468;ADMINISTRATIVA;ADMINISTRATIVA;ADMINISTRATIVA
7469;ADMINISTRATIVA;ADMINISTRATIVA;ADMINISTRATIVA
7470;ADMINISTRATIVA;ADMINISTRATIVA;ADMINISTRATIVA
7471;ADMINISTRATIVA;ADMINISTRATIVA;ADMINISTRATIVA
7472;ADMINISTRATIVA;ADMINISTRATIVA;ADMINISTRATIVA
7473;ADMINISTRATIVA;ADMINISTRATIVA;ADMINISTRATIVA
7474;ADMINISTRATIVA;ADMINISTRATIVA;ADMINISTRATIVA
7475;ADMINISTRATIVA;ADMINISTRATIVA;ADMINISTRATIVA
7477;ADMINISTRATIVA;ADMINISTRATIVA;ADMINISTRATIVA
7478;ADMINISTRATIVA;ADMINISTRATIVA;ADMINISTRATIVA
7479;ADMINISTRATIVA;ADMINISTRATIVA;ADMINISTRATIVA
7480;ADMINISTRATIVA;ADMINISTRATIVA;ADMINISTRATIVA
7481;ADMINISTRATIVA;ADMINISTRATIVA;ADMINISTRATIVA
7482;ADMINISTRATIVA;ADMINISTRATIVA;ADMINISTRATIVA
7483;ADMINISTRATIVA;ADMINISTRATIVA;ADMINISTRATIVA
7484;ADMINISTRATIVA;ADMINISTRATIVA;ADMINISTRATIVA
7485;ADMINISTRATIVA;ADMINISTRATIVA;ADMINISTRATIVA
7501;ADMINISTRATIVA;ADMINISTRATIVA;ADMINISTRATIVA
8999;ADMINISTRATIVA;ADMINISTRATIVA;ADMINISTRATIVA
9999;SIN ESPECIFICAR;SIN ESPECIFICAR;SIN ESPECIFICAR
5;ADMINISTRATIVA;ADMINISTRATIVA;ADMINISTRATIVA
6;ADMINISTRATIVA;ADMINISTRATIVA;ADMINISTRATIVA
14;ADMINISTRATIVA;ADMINISTRATIVA;ADMINISTRATIVA
23;ADMINISTRATIVA;ADMINISTRATIVA;ADMINISTRATIVA
50;ADMINISTRATIVA;ADMINISTRATIVA;ADMINISTRATIVA
53;ADMINISTRATIVA;ADMINISTRATIVA;ADMINISTRATIVA
418;ADMINISTRATIVA;ADMINISTRATIVA;ADMINISTRATIVA
442;ADMINISTRATIVA;ADMINISTRATIVA;ADMINISTRATIVA
588;ADMINISTRATIVA;ADMINISTRATIVA;ADMINISTRATIVA
778;ADMINISTRATIVA;ADMINISTRATIVA;ADMINISTRATIVA
782;ADMINISTRATIVA;ADMINISTRATIVA;ADMINISTRATIVA
783;ADMINISTRATIVA;ADMINISTRATIVA;ADMINISTRATIVA
827;ADMINISTRATIVA;ADMINISTRATIVA;ADMINISTRATIVA
847;ADMINISTRATIVA;ADMINISTRATIVA;ADMINISTRATIVA
849;ADMINISTRATIVA;ADMINISTRATIVA;ADMINISTRATIVA
857;ADMINISTRATIVA;ADMINISTRATIVA;ADMINISTRATIVA
868;ADMINISTRATIVA;ADMINISTRATIVA;ADMINISTRATIVA
873;ADMINISTRATIVA;ADMINISTRATIVA;ADMINISTRATIVA
875;ADMINISTRATIVA;ADMINISTRATIVA;ADMINISTRATIVA
876;ADMINISTRATIVA;ADMINISTRATIVA;ADMINISTRATIVA
891;ADMINISTRATIVA;ADMINISTRATIVA;ADMINISTRATIVA
908;ADMINISTRATIVA;ADMINISTRATIVA;ADMINISTRATIVA
939;ADMINISTRATIVA;ADMINISTRATIVA;ADMINISTRATIVA
947;ADMINISTRATIVA;ADMINISTRATIVA;ADMINISTRATIVA
949;ADMINISTRATIVA;ADMINISTRATIVA;ADMINISTRATIVA
960;ADMINISTRATIVA;ADMINISTRATIVA;ADMINISTRATIVA
962;ADMINISTRATIVA;ADMINISTRATIVA;ADMINISTRATIVA
967;ADMINISTRATIVA;ADMINISTRATIVA;ADMINISTRATIVA